player_id,player
76001,Alaa Abdelnaby
76002,Zaid Abdul-Aziz
76003,Kareem Abdul-Jabbar
51,Mahmoud Abdul-Rauf
1505,Tariq Abdul-Wahad
949,Shareef Abdur-Rahim
76005,Tom Abernethy
76006,Forest Able
76007,John Abramovic
203518,Alex Abrines
1630173,Precious Achiuwa
101165,Alex Acker
76008,Donald Ackerman
76009,Mark Acres
76010,Charles Acton
203112,Quincy Acy
76011,Alvan Adams
76012,Don Adams
200801,Hassan Adams
1629121,Jaylen Adams
203919,Jordan Adams
149,Michael Adams
203500,Steven Adams
912,Rafael Addison
1628389,Bam Adebayo
1629061,Deng Adel
76015,Rick Adelman
202399,Jeff Adrien
201167,Arron Afflalo
1630534,Ochai Agbaji
200772,Maurice Ager
76016,Mark Aguirre
201336,Blake Ahearn
76017,Danny Ainge
201582,Alexis Ajinca
1642351,Melvin Ajinca
76018,Henry Akin
203006,Josh Akognon
1629152,DeVaughn Akoon-Purcell
202374,Solomon Alabi
76019,Mark Alarie
76020,Gary Alcorn
1630583,Santi Aldama
203128,Furkan Aldemir
202332,Cole Aldrich
200746,LaMarcus Aldridge
76021,Chuck Aleksinas
1626146,Cliff Alexander
724,Cory Alexander
2042,Courtney Alexander
76022,Gary Alexander
201570,Joe Alexander
1629734,Kyle Alexander
1641725,Trey Alexander
1630234,Ty-Shon Alexander
2349,Victor Alexander
1629638,Nickeil Alexander-Walker
76024,Steve Alford
1628959,Rawle Alkins
76028,Bob Allen
1628960,Grayson Allen
1628386,Jarrett Allen
706,Jerome Allen
1628443,Kadeem Allen
202730,Lavoy Allen
76027,Lucius Allen
2124,Malik Allen
76025,Randy Allen
951,Ray Allen
1641851,Timmy Allen
2754,Tony Allen
76029,Odis Allison
200984,Lance Allred
76030,Darrell Allums
201165,Morris Almond
308,Derrick Alston
1747,Rafer Alston
1824,Peter Aluma
1630631,Jose Alvarado
680,John Amaechi
732,Ashraf Amaya
202329,Al-Farouq Aminu
200811,Lou Amundson
76034,Bob Anderegg
2365,Chris Andersen
2431,David Andersen
101187,Alan Anderson
202079,Antonio Anderson
76035,Cliff Anderson
76036,Daniel Anderson
1507,Derek Anderson
76037,Dwight Anderson
944,Eric Anderson
246,Greg Anderson
202341,James Anderson
76040,Jerome Anderson
1626147,Justin Anderson
72,Kenny Anderson
76041,Kim Anderson
203937,Kyle Anderson
76042,Michael Anderson
76043,Mitchell Anderson
98,Nick Anderson
76045,Richard Anderson
76046,Ron Anderson
201583,Ryan Anderson
1000,Shandon Anderson
335,Willie Anderson
76048,Wally Anderzunas
101149,Martynas Andriuskevicius
76049,Don Anielak
1628387,Ike Anigbogu
76050,Michael Ansley
1512,Chris Anstey
203507,Giannis Antetokounmpo
1628961,Kostas Antetokounmpo
203648,Thanasis Antetokounmpo
2546,Carmelo Anthony
1630175,Cole Anthony
21,Greg Anthony
201202,Joel Anthony
203544,Pero Antic
1628384,O.G. Anunoby
203951,Keith Appling
2737,Rafael Araujo
76053,Stacey Arceneaux
76054,Nate Archibald
2425,Robert Archibald
1627853,Ryan Arcidiacono
76055,Jim Ard
2240,Gilbert Arenas
2772,Trevor Ariza
76056,Paul Arizin
76057,Joe Arlauckas
769,B.J. Armstrong
76061,Bob Armstrong
2220,Brandon Armstrong
353,Darrell Armstrong
200756,Hilton Armstrong
76060,Paul Armstrong
76059,Tate Armstrong
76062,Jesse Arnelle
76063,Jay Arnette
76064,Bob Arnzen
2306,Carlos Arroyo
201589,Darrell Arthur
76065,John Arthurs
1628503,Jamel Artis
355,Vincent Askew
173,Keith Askins
76068,Don Asmonga
76069,Richard Atha
1088,Chucky Atkins
76070,Alvin Attles
76071,Chet Aubuchon
278,Stacey Augmon
201571,D.J. Augustin
200788,James Augustine
1134,Ike Austin
76073,John Austin
76074,Ken Austin
1630166,Deni Avdija
138,Anthony Avent
76076,William Averitt
1895,William Avery
76078,Dennis Awtrey
1630555,Joel Ayayi
202970,Gustavo Ayon
201965,Jeff Ayres
1629028,Deandre Ayton
101235,Kelenna Azubuike
1628962,Udoka Azubuike
201600,Omer Asik
203569,Chris Babb
202337,Luke Babbitt
76079,Milos Babic
76080,Johnny Bach
1628407,Dwayne Bacon
1630641,Ibou Badji
76081,Jim Baechtold
2053,Dalibor Bagaric
76082,John Bagley
1628963,Marvin Bagley III
1641735,Amari Bailey
76084,Carl Bailey
76083,Gus Bailey
76085,James Bailey
1847,Thurl Bailey
1753,Toby Bailey
203946,Cameron Bairstow
1858,Mark Baker
2486,Maurice Baker
76089,Norm Baker
1627758,Ron Baker
452,Vin Baker
1627735,Wade Baldwin IV
1631116,Patrick Baldwin Jr.
200764,Renaldo Balkman
76090,Cedric Ball
1630163,LaMelo Ball
1628366,Lonzo Ball
76091,Greg Ballard
76092,Herschel Baltimore
1628964,Mo Bamba
1631094,Paolo Banchero
1630217,Desmond Bane
76093,Gene Banks
2556,Marcus Banks
76094,Ken Bannister
76095,Mike Bantom
1630625,Dalano Banton
1627760,Cat Barber
76096,John Barber
2571,Leandro Barbosa
76097,Stephen Bardo
200826,J.J. Barea
200745,Andrea Bargnani
76098,Cliff Barker
76099,Tom Barker
787,Charles Barkley
2057,Erick Barkley
76102,Don Barksdale
1631230,Dominick Barlow
203084,Harrison Barnes
76103,Harry Barnes
76105,Jim Barnes
76104,Marvin Barnes
2440,Matt Barnes
1630567,Scottie Barnes
76107,Dick Barnett
76106,Jim Barnett
76108,John Barnhill
76109,Norton Barnhill
76110,Leo Barnhorst
76111,John Barr
76112,Mike Barr
76113,Thomas Barr
2857,Andre Barrett
76114,Ernie Barrett
1629628,RJ Barrett
2853,Earl Barron
344,Dana Barros
699,Brent Barry
1003,Drew Barry
468,Jon Barry
600013,Rick Barry
76117,Ed Bartels
76118,Vic Bartolome
203115,Will Barton
101188,Eddie Basden
76119,Jerry Baskerville
101138,Brandon Bass
1628238,Paris Bass
76120,Tim Bassett
1629646,Charles Bassey
1766,Maceo Baston
2370,Mengke Bateer
76121,Billyray Bates
1641734,Emoni Bates
1628966,Keita Bates-Diop
101212,Esteban Batista
2471,Mike Batiste
1499,Tony Battie
2203,Shane Battier
1642419,Jamison Battle
174,John Battle
76123,Kenny Battle
76124,Dave Batton
201587,Nicolas Batum
76125,Johnny Baum
76126,Frankie Baumholtz
2437,Lonny Baxter
201573,Jerryd Bayless
76127,Elgin Baylor
203382,Aron Baynes
76128,Sergei Bazarevich
203145,Kent Bazemore
1629647,Darius Bazley
76129,Ed Beach
203078,Bradley Beal
76130,Butch Beard
76131,Ralph Beard
2602,Jerome Beasley
1627736,Malik Beasley
201563,Michael Beasley
76133,Zelmo Beaty
201958,Rodrigue Beaubois
1630699,MarJon Beauchamp
76134,Byron Beck
1133,Corey Beck
76136,Ernie Beck
76137,Moe Becker
76138,William Bedford
1641736,Reece Beekman
76139,Hank Beenders
76140,Ron Behagen
76141,Elmer Behnke
201158,Marco Belinelli
2294,Charlie Bell
76142,Dennis Bell
1628395,Jordan Bell
1952,Raja Bell
2559,Troy Bell
76143,William Bell
76144,Walt Bellamy
1627761,DeAndre' Bembry
76145,Irv Bemoras
76146,Leon Benbow
1627733,Dragan Bender
1886,Jonathan Bender
203968,Jerrelle Benimon
104,Benoit Benjamin
1736,Corey Benjamin
203461,Anthony Bennett
1120,Elmer Bennett
712,Mario Bennett
76151,Mel Bennett
76148,Tony Bennett
76152,Winston Bennett
128,David Benoit
202728,Keith Benson
76154,Kent Benson
1627791,Ben Bentil
76155,Gene Berce
76156,Gary Bergen
1631262,Jules Bernard
76157,Ricky Berry
76158,Walter Berry
1629541,Dairis Bertans
202722,Dāvis Bertāns
76159,Del Beshore
696,Travis Best
201976,Patrick Beverley
1630180,Saddiq Bey
1630189,Tyler Bey
204021,Sim Bhullar
76160,Al Bianchi
76161,Hank Biasatti
76162,Henry Bibby
1710,Mike Bibby
76163,Ed Biedenbach
2740,Andris Biedrins
76164,Don Bielke
76165,Bob Bigelow
1497,Chauncey Billups
76166,Dave Bing
76167,Joe Binion
203920,Khem Birch
1628444,Jabari Bird
76168,Jerry Bird
1449,Larry Bird
76170,Otis Birdsong
76171,Gale Bishop
1629048,Goga Bitadze
1641931,Onuralp Bitim
202687,Bismack Biyombo
202357,Nemanja Bjelica
76172,Uwe Blab
1641710,Anthony Black
76173,Charlie Black
1641778,Leaky Black
76174,Norman Black
204028,Tarik Black
76175,Tom Black
76176,Rolando Blackman
76180,Alex Blackwell
76177,Cory Blackwell
1806,James Blackwell
76179,Nate Blackwell
201971,DeJuan Blair
2581,Steve Blake
202392,Marqus Blakely
1628469,Antonio Blakeney
200807,Will Blalock
76182,George Blaney
76183,Lance Blanks
76184,Ricky Blanton
101154,Andray Blatche
302,Mookie Blaylock
202339,Eric Bledsoe
1629833,Keljin Blevins
76186,Leon Blevins
76187,John Block
76188,Mike Bloom
1628417,Jaron Blossomgame
916,Corie Blount
1548,Mark Blount
203505,Vander Blue
1629129,Trevon Bluiett
76189,Ray Blume
76190,Nelson Bobb
2800,Tony Bobbitt
76191,Arlen Bockhorn
1631205,Buddy Boeheim
76192,Tom Boerwinkle
2586,Keith Bogans
203992,Bogdan Bogdanovic
202711,Bojan Bogdanovic
177,Muggsy Bogues
101106,Andrew Bogut
1564,Etdrick Bohannon
1629626,Bol Bol
76195,Manute Bol
1628413,Jonah Bolden
1629716,Marques Bolden
76196,Bill Bolger
1630195,Leandro Bolmaro
1627762,Joel Bolomboy
76197,Doug Bolstorff
76203,George H. Bon Salle
1641737,Adem Bona
76198,Phil Bond
1603,Walter Bond
1629648,Jordan Bone
1121,Dexter Boney
1629067,Isaac Bonga
76201,Ron Bonham
41,Anthony Bonner
2588,Matt Bonner
1626164,Devin Booker
511,Melvin Booker
202344,Trevor Booker
200767,Josh Boone
76204,Ron Boone
1916,Calvin Booth
1522,Keith Booth
76206,Bob Boozer
2430,Carlos Boozer
2414,Curtis Borchardt
76207,Jake Bornheimer
1953,Lazaro Borrell
76209,Costic Borsavage
76210,Vince Boryla
2547,Chris Bosh
76211,Jim Bostic
76212,Lawrence Boston
1630527,Brandon Boston Jr.
76213,Tom Boswell
1628449,Chris Boucher
1630547,James Bouknight
2257,Ruben Boumtje-Boumtje
1631123,Jamaree Bouyea
76214,Don Boven
1898,Cal Bowdler
1477,Bruce Bowen
1763,Ryan Bowen
1628968,Brian Bowen II
194,Anthony Bowie
76217,Sam Bowie
1085,Ira Bowman
1629065,Ky Bowman
76219,Nate Bowman
671,Donnie Boyce
76221,Dennis Boyd
76222,Fred Boyd
76223,Ken Boyd
1863,Earl Boykins
76224,Harry Boykoff
76225,Winford Boynes
200841,Cedric Bozeman
76226,Steve Bracey
202342,Craig Brackins
76227,Gary Bradds
76228,Alex Bradley
76229,Alonzo Bradley
202340,Avery Bradley
76233,Bill Bradley
76230,Charles Bradley
76231,Dudley Bradley
76232,Joe Bradley
2214,Michael Bradley
762,Shawn Bradley
1628396,Tony Bradley
1361,Mark Bradtke
66,Marques Bragg
1765,Torraye Braggs
1920,A.J. Bramlett
76237,Adrian Branch
1882,Elton Brand
210,Terrell Brandon
1631103,Malaki Branham
76238,Bob Brannum
76239,Brad Branson
76240,Jesse Branson
1629714,Jarrell Brantley
76241,Jim Brasco
76242,Mike Bratz
76243,Carl Braun
1631128,Christian Braun
1629649,Ignas Brazdeikis
160,Tim Breaux
2452,J.R. Bremer
76245,Pete Brennan
76246,Tom Brennan
76247,Randy Breuer
201147,Corey Brewer
2249,Jamison Brewer
76248,Jim Brewer
76249,Ron Brewer
200758,Ronnie Brewer
2056,Primoz Brezec
76250,Frank Brian
783,Frank Brickowski
76252,Junior Bridgeman
76253,Bill Bridges
1641779,Jalen Bridges
1628969,Mikal Bridges
1628970,Miles Bridges
76254,Al Brightman
1628578,Amida Brimah
76255,Audley Brindley
1628515,Isaiah Briscoe
76256,John Brisker
1629052,Oshae Brissett
76257,Allan Bristow
76258,Tyrone Britt
76259,Wayman Britt
76260,Mike Brittain
76261,David Britton
1631167,Izaiah Brockington
201972,Jon Brockman
1629151,Ryan Broekhoff
76262,Jim Brogan
1627763,Malcolm Brogdon
76263,Gary Brokaw
76264,Price Brookfield
201166,Aaron Brooks
1629717,Armoni Brooks
1628415,Dillon Brooks
76265,Kevin Brooks
202705,MarShon Brooks
76266,Michael Brooks
418,Scott Brooks
2810,Andre Brown
1626148,Anthony Brown
76284,Bob Brown
201628,Bobby Brown
1628971,Bruce Brown
359,Chucky Brown
2245,Damone Brown
76270,Darrell Brown
244,Dee Brown
200793,Dee Brown
201974,Derrick Brown
2484,Devin Brown
2081,Ernest Brown
76272,Fred Brown
76273,George Brown
1871,Gerald Brown
76275,Harold Brown
203913,Jabari Brown
1627759,Jaylen Brown
76276,John Brown
2208,Kedrick Brown
1631112,Kendall Brown
1641738,Kobe Brown
2198,Kwame Brown
76278,Leon Brown
76279,Lewis Brown
203485,Lorenzo Brown
992,Marcus Brown
203900,Markel Brown
1479,Mike Brown
1629650,Moses Brown
76277,Myron Brown
136,P.J. Brown
753,Randy Brown
76282,Raymond Brown
76283,Rickey Brown
76286,Roger Brown
200769,Shannon Brown
76285,Stan Brown
1628425,Sterling Brown
2357,Tierre Brown
76268,Tony Brown
1630535,Greg Brown III
1629718,Charlie Brown Jr.
1630602,Chaundee Brown Jr.
1628972,Troy Brown Jr.
76287,Jim Browne
76288,Stanley Brundy
1628973,Jalen Brunson
1594,Rick Brunson
1627852,Nicolas Brussino
1629091,Elijah Bryant
76289,Emmette Bryant
76290,Joe Bryant
977,Kobe Bryant
95,Mark Bryant
1628418,Thomas Bryant
76291,Wallace Bryant
76292,Torgeir Bryn
1629783,Shaq Buchanan
76293,Joe Buckhalter
76294,Steve Bucknall
76295,Cleveland Buckner
1761,Greg Buckner
76296,Quinn Buckner
76297,Dave Budd
201978,Chase Budinger
76298,Walter Budko
146,Jud Buechler
1641723,Kobe Bufkin
1934,Rodney Buford
672,Matt Bullard
203493,Reggie Bullock
76300,Greg Bunch
76301,Dick Bunt
76302,Bill Buntin
76303,Luther Burden
2469,Pat Burke
203504,Trey Burke
76304,Roger Burkman
202692,Alec Burks
2766,Antonio Burks
101207,Kevin Burleson
76305,Tom Burleson
76306,Jack Burmaster
76307,David Burns
76308,Evers Burns
76309,Jim Burns
197,Scott Burrell
76311,Art Burris
675,Junior Burrough
76313,Bob Burrow
1629126,Deonte Burton
76314,Ed Burton
416,Willie Burton
76316,Steve Burtt
76317,Don Buse
202221,Brian Butch
76318,Donnie Butcher
76319,Al Butler
2406,Caron Butler
202364,Da'Sean Butler
76320,Greg Butler
2866,Jackie Butler
1630215,Jared Butler
202710,Jimmy Butler
348,Mitchell Butler
2446,Rasual Butler
1631219,John Butler Jr.
202779,Dwight Buycks
1641824,Matas Buzelis
201182,Derrick Byars
101115,Andrew Bynum
101198,Will Bynum
76321,Marty Byrnes
76322,Tommy Byrnes
76323,Mike Bytzura
2560,Zarko Cabarkapa
76324,Barney Cable
203998,Bruno Caboclo
1629719,Devontae Cacok
679,Jason Caffey
262,Michael Cage
1631288,Jamal Cain
76326,Gerry Calabrese
201979,Nick Calathes
101181,Jose Calderon
154,Adrian Caldwell
76328,Jim Caldwell
76329,Joe Caldwell
203484,Kentavious Caldwell-Pope
76331,Bill Calhoun
76330,Corky Calhoun
76332,Demetrius Calip
76333,Tom Callahan
76334,Rick Calloway
76335,Ernie Calverley
76336,Mack Calvin
1641739,Toumani Camara
76337,Dexter Cambridge
948,Marcus Camby
1630267,Facundo Campazzo
922,Elden Campbell
76338,Tony Campbell
203477,Isaiah Canaan
1628427,Vlatko Cancar
1629962,Devin Cannady
76339,Larry Cannon
203991,Clint Capela
202382,Derrick Caracter
2073,Brian Cardinal
1630176,Vernon Carey Jr.
76340,Howie Carl
76341,Chet Carlisle
2367,Geno Carlisle
76342,Rick Carlisle
76343,Al Carlson
1642382,Branden Carlson
76344,Don Carlson
76345,Bob Carney
200760,Rodney Carney
76346,Bob Carpenter
156,Antoine Carr
76348,Austin Carr
713,Chris Carr
1757,Cory Carr
76350,Kenny Carr
76351,M.L. Carr
76352,Bob Carrington
1642267,Carlton Carrington
201960,DeMarre Carroll
76353,Joe Barry Carroll
2679,Matt Carroll
1131,Jimmy Carruth
1853,Anthony Carter
76355,Butch Carter
1642269,Devin Carter
76356,Fred Carter
76357,George Carter
76358,Howard Carter
76359,Jake Carter
1628975,Jevon Carter
2466,Maurice Carter
76360,Reggie Carter
76361,Ron Carter
1713,Vince Carter
1628976,Wendell Carter Jr.
203487,Michael Carter-Williams
1630618,DJ Carton
76362,Bill Cartwright
76363,Jay Carty
1627936,Alex Caruso
76364,Cornelius Cash
208,Sam Cassell
201956,Omri Casspi
1642264,Stephon Castle
1630658,Colin Castleton
76365,Harvey Catchings
767,Terry Catledge
76367,Sid Catlett
1509,Kelvin Cato
76368,Bobby Cattage
1626161,Willie Cauley-Stein
1628505,Troy Caupain
190,Duane Causwell
1628463,Tyler Cavanaugh
76370,Ron Cavenall
1629958,Ahmad Caver
1630608,Malcolm Cazalon
76,Cedric Ceballos
1911,John Celestand
76373,Al Cervi
2763,Lionel Chalmers
201596,Mario Chalmers
76374,Bill Chamberlain
76375,Wilt Chamberlain
76376,Jerry Chambers
1472,Tom Chambers
1630577,Julian Champagnie
1630551,Justin Champagnie
76378,Mike Champion
1631113,Kennedy Chandler
2199,Tyson Chandler
201163,Wilson Chandler
76379,Don Chaney
76380,John Chaney
364,Rex Chapman
76382,Len Chappell
76383,Ken Charles
76384,Lorenzo Charles
1629147,Joe Chealey
384,Calbert Cheaney
1629597,Zylan Cheatham
76385,Maurice Cheeks
76386,Phil Chenier
203805,Will Cherry
76387,Derrick Chievous
432,Pete Chilcutt
2735,Josh Childress
719,Randolph Childress
164,Chris Childs
1629185,Chris Chiozza
76391,Leroy Chollet
1642279,Ulrich Chomche
76392,Jim Chones
1627737,Marquese Chriss
76393,Fred Christ
76394,Cal Christensen
76395,Bob Christian
1642353,Cam Christie
57,Doug Christie
1631108,Max Christie
202091,Dionte Christmas
1626176,Rakeem Christmas
203902,Semaj Christon
1630528,Josh Christopher
203565,Patrick Christopher
928,Robert Churchwell
1631321,Sidy Cissoko
76397,Archie Clark
76398,Carlos Clark
201947,Earl Clark
1629109,Gary Clark
203546,Ian Clark
1641740,Jaylen Clark
1721,Keon Clark
1629634,Brandon Clarke
1626262,Coty Clarke
203903,Jordan Clarkson
1628492,Gian Clavell
201964,Victor Claver
1127,Charles Claxton
1629651,Nic Claxton
2049,Speedy Claxton
76402,Jim Cleamons
2043,Mateen Cleaves
76403,John Clemens
1629598,Chris Clemons
1628499,Antonius Cleveland
76404,Nat Clifton
1642270,Donovan Clingan
76406,Bill Closs
1569,Keith Closs
1641730,Noah Clowney
76407,Paul Cloyd
76408,Marion Cluggish
76409,Ben Clyde
1629599,Amir Coffey
76410,Richard Coffey
76411,Fred Cofield
715,John Coker
202708,Norris Cole
76412,Ben Coleman
934,Derrick Coleman
76413,E.C. Coleman
76414,Jack Coleman
76415,Norris Coleman
902,Bimbo Coles
1642268,Isaiah Collier
2044,Jason Collier
76416,Art Collins
76418,Don Collins
76421,Doug Collins
1530,James Collins
2260,Jarron Collins
2215,Jason Collins
76419,Jimmy Collins
1628381,John Collins
200776,Mardy Collins
202395,Sherron Collins
1628380,Zach Collins
1627858,Kyle Collinsworth
201954,Darren Collison
2555,Nick Collison
76422,Joe Colone
1629045,Bonzie Colson
2173,Sean Colson
306,Steve Colter
1628435,Chance Comanche
76425,Leroy Combs
76426,Dallas Comegys
76427,Larry Comley
76428,Gene Conley
201144,Mike Conley
76429,Ed Conlin
55,Marty Conlon
1626192,Pat Connaughton
76431,Lester Conner
76432,Chuck Connors
101215,Will Conroy
76433,Anthony Cook
76434,Bert Cook
76438,Bobby Cook
2567,Brian Cook
201161,Daequan Cook
76435,Darwin Cook
76436,Jeff Cook
76437,Norm Cook
2241,Omar Cook
1626188,Quinn Cook
1629076,Tyler Cook
1628429,Charles Cooke
76439,David Cooke
76440,Joe Cooke
1641645,Xavier Cooks
204022,Jack Cooley
76442,Chuck Cooper
1030,Duane Cooper
76443,Joe Cooper
76444,Michael Cooper
1630536,Sharife Cooper
76441,Wayne Cooper
76446,Tom Copa
203142,Chris Copeland
76447,Hollis Copeland
76448,Lanard Copeland
895,Tyrone Corbin
76450,Chris Corchiani
76451,Ken Corley
76452,Ray Corley
1627822,Petr Cornelie
76453,Dave Corzine
76454,Larry Costello
1627856,Matt Costello
203955,Bryce Cotton
76456,Jack Cotton
1526,James Cotton
76457,John Coughran
1641731,Bilal Coulibaly
1641741,Ricky Council IV
76458,Mel Counts
76459,Steve Courtin
1432,Joe Courtney
202408,Marcus Cousin
202326,DeMarcus Cousins
600003,Bob Cousy
203496,Robert Covington
76462,Dave Cowens
76463,John Cox
76464,Johnny Cox
76465,Wesley Cox
203459,Allen Crabbe
1628470,Torrey Craig
1544,Chris Crawford
76466,Freddie Crawford
1642384,Isaiah Crawford
2037,Jamal Crawford
201621,Joe Crawford
202348,Jordan Crawford
1628249,Mitchell Creek
76468,Jim Creighton
76469,Ron Crevier
76470,Hal Crisler
2343,Joe Crispin
76471,Charlie Criss
76472,Winston Crite
201159,Javaris Crittenton
76473,Dillard Crocker
76474,Jeffrey Crompton
76475,Terry Crosby
1506,Austin Croshere
76476,Jeff Cross
76477,Pete Cross
76478,Russell Cross
76479,Francis Crossin
180,John Crotty
76481,Mark Crow
76482,Corey Crowder
203109,Jae Crowder
1630622,Jalen Crutcher
1629633,Jarrett Culver
1629600,Jarron Cumberland
76483,Pat Cummings
187,Terry Cummings
1907,Vonteego Cummings
76487,Billy Cunningham
1630595,Cade Cunningham
201967,Dante Cunningham
76485,Dick Cunningham
203099,Jared Cunningham
1061,William Cunningham
76488,Radisav Curcic
76489,Armand Cure
940,Earl Cureton
223,Bill Curley
76492,Fran Curran
209,Dell Curry
2201,Eddy Curry
201191,JamesOn Curry
688,Michael Curry
203552,Seth Curry
201939,Stephen Curry
687,Rastko Cvetkovic
76505,Mike D'Antoni
1641783,Tristan Da Silva
1642359,Pacome Dadiet
76496,Ed Dahler
76497,Quintin Dailey
2223,Samuel Dalembert
76498,Howie Dallmar
956,Erick Dampier
76499,Lou Dampier
76500,Bob Dandridge
1498,Antonio Daniels
1630700,Dyson Daniels
2845,Erik Daniels
1380,Lloyd Daniels
2605,Marquis Daniels
76502,Mel Daniels
203584,Troy Daniels
390,Sasha Danilovic
1642368,N'Faly Dante
76504,Adrian Dantley
76506,Henry Darcey
76507,Jimmy Darden
212,Yinka Dare
76509,Jesse Dark
1630268,Nate Darling
76511,Jimmy Darrow
203540,Gigi Datome
921,Brad Daugherty
1600,Kornel David
201176,Jermareo Davidson
76514,Bob Davies
203561,Brandon Davies
203076,Anthony Davis
213,Antonio Davis
76515,Aubrey Davis
1884,Baron Davis
989,Ben Davis
76538,Bill Davis
76533,Bob Davis
76516,Brad Davis
76517,Brian Davis
76518,Charlie Davis
76519,Charlie Davis
905,Dale Davis
1627738,Deyonta Davis
76521,Double D Davis
202334,Ed Davis
76522,Edward Davis
1023,Emanual Davis
201175,Glen Davis
76523,Harry Davis
93,Hubert Davis
76524,James Davis
76525,Jim Davis
76526,Johnny Davis
1631098,Johnny Davis
2668,Josh Davis
707,Mark Davis
76528,Mark Davis
76529,Mel Davis
76530,Michael Davis
76531,Mike Davis
76520,Monti Davis
200781,Paul Davis
76532,Ralph Davis
1729,Ricky Davis
76534,Ron Davis
1629056,Terence Davis
426,Terry Davis
1629093,Tyler Davis
76536,Walt Davis
1453,Walter Davis
1631120,JD Davison
203958,Andre Dawkins
76539,Darryl Dawkins
1008,Johnny Dawkins
76541,Paul Dawkins
1626183,Branden Dawson
201286,Eric Dawson
76542,Tony Dawson
103,Todd Day
201948,Austin Daye
76543,Darren Daye
1630620,Darius Days
201986,Nando De Colo
76545,Dave DeBusschere
692,Andrew DeClercq
1629602,Javin DeLaurier
76551,Nate DeLong
201942,DeMar DeRozan
76562,Hank DeZonie
76544,Greg Deane
1630466,Gabriel Deck
203473,Dewayne Dedmon
76546,Archie Dees
143,Terry Dehere
76548,Red Dehnert
1626214,Bryce Dejean-Jones
1626155,Sam Dekker
219,Vinny Del Negro
1627098,Malcolm Delaney
183,Bison Dele
2568,Carlos Delfino
1629116,Angel Delgado
960,Tony Delk
203521,Matthew Dellavedova
76552,Fennis Dembo
76553,Larry Demic
725,Dell Demps
76555,George Dempsey
2736,Luol Deng
76556,Kenny Dennard
76557,Blaine Denning
1641926,Dexter Dennis
202458,Justin Dentmon
76558,Randy Denton
76559,Rod Derline
1629094,Marcus Derrickson
76560,Dave Deutsch
76561,Walter Devlin
76568,Ernie DiGregorio
1628978,Donte DiVincenzo
1631217,Moussa Diabate
1629603,Mamadi Diakite
1760,Derrick Dial
1627767,Cheick Diallo
1628977,Hamidou Diallo
2564,Boris Diaw
200821,Yakhouba Diawara
200799,Guillermo Diaz
1641711,Gradey Dick
2424,Dan Dickau
2079,Kaniel Dickens
76563,Henry Dickerson
1722,Michael Dickerson
76564,Derrek Dickey
76565,Dick Dickey
101143,Travis Diener
203476,Gorgui Dieng
1631172,Ousmane Dieng
76566,Connie Dierking
76567,Coby Dietrick
76569,Mickey Dillard
76570,Bob Dille
1642265,Rob Dillingham
76571,John Dillon
76574,Byron Dinkins
76575,Jackie Dinkins
76576,Bill Dinwiddie
203915,Spencer Dinwiddie
101113,Ike Diogu
2205,DeSagana Diop
76577,Terry Dischinger
76578,Fred Diute
124,Vlade Divac
2413,Juan Dixon
1059,Aleksandar Djordjevic
76580,Earl Dodd
1720,Michael Doleac
76581,Joe Dolhon
76582,Bob Doll
1642452,Marcus Domask
76583,James Donaldson
1629029,Luka Doncic
76584,Bob Donham
76586,Billy Donovan
76585,Harry Donovan
2039,Keyon Dooling
76587,Jacky Dorsey
201595,Joey Dorsey
1628416,Tyler Dorsey
1629652,Luguentz Dort
1630245,Ayo Dosunmu
1628422,Damyean Dotson
1629653,Devon Dotson
200763,Quincy Douby
76588,Bruce Douglas
76589,John Douglas
76590,Leon Douglas
428,Sherman Douglas
201962,Toney Douglas
201604,Chris Douglas-Roberts
1629635,Sekou Doumbouya
76592,Lloyd Dove
202220,Zabian Dowdell
76593,Bill Downey
76594,Steve Downing
1630288,Jeff Dowtin Jr.
76595,Danny Doyle
1628495,Milton Doyle
1628408,PJ Dozier
76596,Terry Dozier
201609,Goran Dragic
204054,Zoran Dragic
1068,Greg Dreiling
1630929,Henri Drell
1724,Bryce Drew
76598,John Drew
76599,Larry Drew
203580,Larry Drew II
17,Clyde Drexler
1041,Nate Driggers
76603,Terry Driscoll
1542,Predrag Drobnjak
76604,Ralph Drollinger
203083,Andre Drummond
76623,Dennis DuVal
1630537,Chris Duarte
1642505,Alex Ducas
76605,Dick Duckett
404,Kevin Duckworth
76607,Charles Dudley
201,Chris Dudley
201162,Jared Dudley
76608,Terry Duerod
76609,Bob Duffy
76610,Bob Duffy
2768,Chris Duhon
1626251,Duje Dukan
1630561,David Duke Jr.
76611,Walter Dukes
247,Joe Dumars
30,Richard Dumas
434,Tony Dumas
76615,Andy Duncan
1495,Tim Duncan
2399,Mike Dunleavy
76616,Mike Dunleavy
1627739,Kris Dunn
76617,Pat Dunn
1642346,Ryan Dunn
76618,T.R. Dunn
2648,Ronald Dupree
201142,Kevin Durant
1631105,Jalen Duren
76619,John Duren
1090,Pat Durham
1642365,Nikola Durisic
76621,Devin Durrant
76622,Ken Durrett
1628979,Trevon Duval
76624,Jack Dwan
76625,Craig Dykema
76626,Gene Dyker
202406,Jerome Dyson
289,Ledell Eackles
76628,Jim Eakins
768,Acie Earl
76630,Ed Earle
203921,Cleanthony Early
1631106,Tari Eason
76631,Mark Eaton
76632,Jerry Eaves
202365,Devin Ebanks
76633,Bill Ebben
76634,Al Eberhard
2569,Ndudi Ebi
1630693,Jaime Echenique
204067,Jarell Eddie
76635,Patrick Eddie
76636,Thomas Eddleman
76637,Kent Edelin
1641744,Zach Edey
76638,Keith Edmonson
721,Tyus Edney
1630162,Anthony Edwards
76646,Bill Edwards
898,Blue Edwards
1629035,Carsen Edwards
2451,Corsley Edwards
346,Doug Edwards
76641,Franklin Edwards
229,James Edwards
76643,Jay Edwards
1642399,Jesse Edwards
2823,John Edwards
1642348,Justin Edwards
1630556,Kessler Edwards
236,Kevin Edwards
1630306,Rob Edwards
202197,Shane Edwards
1629053,Vincent Edwards
76647,Johnny Egan
76648,Lonnie Eggleston
76649,Eddie Ehlers
378,Craig Ehlo
76651,Dick Eichhorst
458,Howard Eisley
1918,Obinna Ekezie
2064,Khalid El-Amin
76653,Don Eliason
53,Mario Elie
1629604,CJ Elleby
76655,Ray Ellefson
1627740,Henry Ellenson
201961,Wayne Ellington
76656,Bob Elliott
251,Sean Elliott
76658,Alexander Ellis
76664,Bo Ellis
107,Dale Ellis
1677,Harold Ellis
76661,Joe Ellis
1631165,Keon Ellis
111,LaPhonso Ellis
1034,LeRon Ellis
76663,Leroy Ellis
101145,Monta Ellis
442,Pervis Ellison
600010,Len Elmore
1922,Francisco Elson
76667,Darrell Elston
2408,Melvin Ely
203954,Joel Embiid
76668,Wayne Embry
2765,Andre Emmett
1642400,Tristan Enaruna
76669,Ned Endress
76670,Chris Engler
76671,Wayne Englestad
76672,A.J. English
76673,Alex English
76674,Claude English
76676,Jojo English
203119,Kim English
76675,Scott English
76677,Gene Englund
203898,Tyler Ennis
203516,James Ennis III
76678,Ray Epps
201623,Semih Erden
76679,Bo Erias
76680,Keith Erickson
76681,Julius Erving
1915,Evan Eschmeyer
76682,Jack Eskridge
76683,Vincenzo Esposito
1629234,Drew Eubanks
76687,Bob Evans
967,Brian Evans
76685,Earl Evans
1628980,Jacob Evans
1628393,Jawun Evans
202379,Jeremy Evans
2230,Maurice Evans
76686,Mike Evans
2501,Reggie Evans
201936,Tyreke Evans
1641787,Tosan Evbuomwan
101137,Daniel Ewing
121,Patrick Ewing
201607,Patrick Ewing
203957,Dante Exum
201963,Christian Eyenga
203105,Festus Ezeli
76689,Johnny Ezersky
76690,Joe Fabel
76691,John Fairchild
1629605,Tacko Fall
76692,Phil Farbman
202702,Kenneth Faried
76693,Dick Farley
200770,Jordan Farmar
2824,Desmon Farmer
76695,Jim Farmer
76694,Mike Farmer
1108,Tony Farmer
76696,Bob Faught
203543,Vitor Faverani
202324,Derrick Favors
201174,Nick Fazekas
76697,Dave Fedor
76698,Bob Feerick
76699,Butch Feher
994,Jamie Feick
76701,Ron Feiereisel
76702,George Feigenbaum
76703,Dave Feitl
1627770,Kay Felder
1626245,Cristiano Felicio
203467,Carrick Felix
101230,Noel Felix
76704,Ray Felix
101109,Raymond Felton
76705,Jake Fendley
76706,Bill Fenley
2724,Desmond Ferguson
1628390,Terrance Ferguson
201164,Rudy Fernandez
1628981,Bruno Fernando
76707,Eric Fernsten
76708,Al Ferrari
76709,Rolando Ferreira
273,Duane Ferrell
1627812,Yogi Ferrell
76711,Arnie Ferrin
76712,Bob Ferry
198,Danny Ferry
201178,Kyrylo Fesenko
76713,Kenny Fields
202361,Landry Fields
76714,Ron Filipek
1642271,Kyle Filipowski
76715,Greg Fillmore
76716,Hank Finkel
714,Michael Finley
76717,Danny Finn
1627827,Dorian Finney-Smith
900,Matt Fish
965,Derek Fisher
2809,Gerald Fitch
1630238,Malik Fitts
76720,Bob Fitzgerald
76719,Dick Fitzgerald
2033,Marcus Fizer
1641745,Adam Flagler
76721,Jerry Fleishman
76722,Al Fleming
76723,Ed Fleming
313,Vern Fleming
2784,Luis Flores
76725,Bruce Flowers
76726,Sleepy Floyd
201938,Jonny Flynn
1630201,Malachi Flynn
76727,Mike Flynn
76728,Larry Fogle
76729,Jack Foley
1829,Ike Fontaine
76731,Levi Fontaine
1631323,Simone Fontecchio
202880,Jeff Foote
1627854,Bryn Forbes
201814,Gary Forbes
1630758,Aleem Ford
76732,Alphonso Ford
2228,Alton Ford
76733,Chris Ford
76734,Don Ford
76735,Jake Ford
1630259,Jordan Ford
76736,Phil Ford
101213,Sharrod Ford
726,Sherell Ford
2551,T.J. Ford
76738,Donnie Forman
76739,Bayard Forrest
1630235,Trent Forrest
2218,Joseph Forte
202622,Courtney Fortson
1504,Danny Fortson
76740,Fred Foster
323,Greg Foster
1902,Jeff Foster
76742,Rod Foster
1630701,Michael Foster Jr.
2238,Antonis Fotsis
203095,Evan Fournier
76744,Larry Foust
76745,Jerry Fowler
1762,Tremaine Fowlkes
1628368,De'Aaron Fox
76746,Harold Fox
76747,Jim Fox
296,Rick Fox
200751,Randy Foye
1502,Adonal Foyle
2499,Richie Frahm
1883,Steve Francis
76748,Tellis Frank
76749,Nat Frankel
203479,Jamaal Franklin
1629606,Robert Franks
204025,Tim Frazier
76750,Walt Frazier
76751,Will Frazier
1626187,Michael Frazier II
1628982,Melvin Frazier Jr.
76752,Anthony Frederick
202690,Jimmer Fredette
76753,World Free
202683,Enes Freedom
200777,Joel Freeland
76754,Donnie Freeman
1642402,Enrique Freeman
76755,Gary Freeman
76756,Rod Freeman
1631241,Javon Freeman-Liberty
2782,Matt Freije
76757,Frido Frey
76758,Larry Friend
76759,Pat Frink
76760,Jim Fritsche
101112,Channing Frye
76761,Bernie Fryer
76762,Frank Fucarino
1641788,Alex Fudge
76763,Herm Fuetsch
76764,Joe Fulks
2673,Hiram Fuller
957,Todd Fuller
76765,Tony Fuller
1628365,Markelle Fultz
1444,Lawrence Funderburke
1641847,Andrew Funk
76767,Terry Furlow
1642277,Johnny Furphy
76768,Billy Gabor
1629117,Wenyen Gabriel
2429,Dan Gadzuric
202070,Tony Gaffney
1629655,Daniel Gafford
101184,Deng Gai
76769,Elmer R. Gainer
76770,Corey Gaines
2558,Reece Gaines
202178,Sundiata Gaines
76771,Mike Gale
76772,Chad Gallagher
76773,Harry Gallatin
201568,Danilo Gallinari
1641945,Jaylin Galloway
204038,Langston Galloway
76774,Dave Gambee
333,Kevin Gamble
76776,Bob Gantt
200816,Jorge Garbajosa
2092,Ruben Garces
2682,Alex Garcia
101128,Francisco Garcia
76778,Earl Gardner
201242,Thomas Gardner
76779,Vern Gardner
76780,Jack Garfinkel
1627868,Patricio Garino
1629636,Darius Garland
76781,Gary Garland
76782,Winston Garland
76783,Dick Garmaker
1612,Chris Garner
76785,Bill Garnett
708,Kevin Garnett
1831,Marlon Garnett
1628656,Billy Garrett
76786,Calvin Garrett
1051,Dean Garrett
203197,Diante Garrett
76788,Eldo Garrett
1630585,Marcus Garrett
76789,Rowland Garrett
76790,Tom Garrick
76791,John Garris
1619,Kiwane Garris
1727,Pat Garrity
1630586,Usman Garuba
76793,Jim Garvin
1630568,Luka Garza
201188,Marc Gasol
2200,Pau Gasol
76794,Frank Gates
1629232,Kaiser Gates
423,Chris Gatling
930,Kenny Gattison
200752,Rudy Gay
76797,Ed Gayda
1845,Andrew Gaze
1627771,Michael Gbinije
1002,Reggie Geary
202087,Alonzo Gee
761,Matt Geiger
101153,Mickael Gelabale
1904,Devean George
76800,Jack George
1641718,Keyonte George
1642273,Kyshawn George
202331,Paul George
76801,Tate George
1627875,Marcus Georges-Hunt
76802,Gus Gerard
76803,Derrick Gervin
76804,George Gervin
76805,Gorham Getchell
76806,John Gianelli
76807,Dick Gibbs
200789,Daniel Gibson
76808,Dee Gibson
1626780,Jonathan Gibson
76809,Mel Gibson
76810,Mike Gibson
201959,Taj Gibson
76811,Ward Gibson
201592,J.R. Giddens
1630581,Josh Giddey
201821,Trey Gilder
1628385,Harry Giles III
1628983,Shai Gilgeous-Alexander
1630264,Anthony Gill
2109,Eddie Gill
383,Kendall Gill
76812,Ben Gillery
1631221,Collin Gillespie
1630273,Freddie Gillespie
76813,Gene Gillette
288,Armen Gilliam
76815,Herm Gilliam
600014,Artis Gilmore
76817,Walt Gilmore
76818,Chuck Gilmur
1631367,Jacob Gilyard
1938,Manu Ginobili
1921,Gordan Giricek
76819,Jack Givens
202148,Mickell Gladness
76820,George Glamack
76821,Gerald Glass
76822,Mike Glenn
76823,Norman Glick
76824,Georgi Glouchkov
76825,Clarence Glover
1901,Dion Glover
2601,Andreas Glyniadakis
76826,Mike Gminski
203497,Rudy Gobert
76827,Dan Godfread
76828,Tom Gola
76829,Ben Goldfaden
924,Anthony Goldwire
101155,Ryan Gomes
76830,Glen Gondrezick
76831,Grant Gondrezick
2400,Drew Gooden
76832,Gail Goodrich
1864,Steve Goodrich
203462,Archie Goodwin
1629164,Brandon Goodwin
1630692,Jordan Goodwin
76833,Wilfred Goodwin
203932,Aaron Gordon
2732,Ben Gordon
204079,Drew Gordon
201569,Eric Gordon
76834,Lancaster Gordon
76835,Paul Gordon
101162,Marcin Gortat
1641789,Jazian Gortman
76836,Leo Gottlieb
202726,Andrew Goudelock
76837,Bato Govedarica
76838,Joe Graboski
76839,Ricky Grace
1628984,Devonte' Graham
37,Greg Graham
101121,Joey Graham
76843,Mal Graham
76841,Orlando Graham
76842,Paul Graham
101211,Stephen Graham
1626203,Treveon Graham
76844,Jim Grandholm
97,Ronnie Grandison
101122,Danny Granger
76847,Stewart Granger
258,Brian Grant
76850,Bud Grant
202,Gary Grant
285,Greg Grant
265,Harvey Grant
270,Horace Grant
203924,Jerami Grant
1626170,Jerian Grant
76852,Josh Grant
1514,Paul Grant
76853,Travis Grant
1629055,Donte Grantham
76854,Don Grate
76855,Butch Graves
1629755,Hassani Gravett
201189,Aaron Gray
1070,Devin Gray
1516,Ed Gray
1026,Evric Gray
76859,Gary Gray
1627982,Josh Gray
76860,Leonard Gray
1630564,RaiQuan Gray
76861,Stuart Gray
76862,Sylvester Gray
76863,Wyndol Gray
81,Jeff Grayer
76865,Bob Greacen
920,A.C. Green
1631260,AJ Green
201980,Danny Green
101209,Devin Green
203110,Draymond Green
203475,Erick Green
101123,Gerald Green
203210,JaMychal Green
1630224,Jalen Green
1629750,Javonte Green
201145,Jeff Green
76867,Johnny Green
1630182,Josh Green
76868,Ken Green
76869,Kenny Green
600011,Lamar Green
1036,Litterial Green
76872,Luther Green
76873,Mike Green
76874,Rickey Green
76875,Sean Green
76877,Si Green
76876,Sidney Green
76878,Steve Green
201192,Taurean Green
76879,Tommy Green
2584,Willie Green
201590,Donte Greene
101158,Orien Greene
76880,Jerry Greenspan
76881,David Greenwood
76882,Hal Greer
2696,Lynn Greer
76883,Gary Gregor
76884,Claude Gregory
76885,John Greig
76886,Norm Grekin
76887,Kevin Grevey
1631100,AJ Griffin
1559,Adrian Griffin
201933,Blake Griffin
2204,Eddie Griffin
76888,Greg Griffin
76889,Paul Griffin
201981,Taylor Griffin
76890,Darrell Griffith
76891,Chuck Grigsby
1629656,Quentin Grimes
1575,Derek Grimm
76893,George Grimshaw
76894,Dick Groat
76895,Bob Gross
76896,Jerry Grote
76897,Alex Groza
101219,Anthony Grundy
76899,Ernie Grunfeld
76900,Gene Guarilia
76901,Petur Gudmundsson
1629741,Marko Guduric
76902,Richie Guerin
1631338,Mouhamadou Gueye
1631243,Mouhamed Gueye
339,Tom Gugliotta
76903,Andres Guibert
76904,Jay Guidinger
76905,Coulby Gunther
76906,Dave Gunther
76907,Al Guokas
76908,Matt Guokas
76909,Matt Guokas
203268,Jorge Gutierrez
1629657,Kyle Guy
2062,A.J. Guyton
2775,Seung-Jin Ha
1629060,Rui Hachimura
76910,Rudy Hackett
201632,Hamed Haddadi
76911,Scott Haffner
76912,Cliff Hagan
76913,Glenn Hagan
1630204,Ashton Hagans
76914,Bob Hahn
76915,Al Hairston
76916,Happy Hairston
76917,Lindsay Hairston
201612,Malik Hairston
203798,PJ Hairston
2409,Marcus Haislip
76918,Chuck Halbert
76919,Harvey Halbrook
76920,Bruce Hale
917,Jack Haley
1630169,Tyrese Haliburton
76922,Shaler Halimon
1628985,Devon Hall
1629743,Donta Hall
1631160,Jordan Hall
1630221,Josh Hall
200837,Mike Hall
1641790,PJ Hall
1629788,Tyler Hall
76923,Jeff Halliburton
1032,Darvin Ham
984,Steve Hamer
76925,Dale Hamilton
1627772,Daniel Hamilton
76926,Dennis Hamilton
202706,Jordan Hamilton
203120,Justin Hamilton
76927,Ralph Hamilton
1888,Richard Hamilton
76928,Roylee Hamilton
76929,Steve Hamilton
2347,Tang Hamilton
676,Thomas Hamilton
1985,Zendon Hamilton
903,Geert Hammink
67,Tom Hammonds
1627773,AJ Hammons
1630181,R.J. Hampton
241,Darrin Hancock
1052,Ben Handlogten
76935,Cecil Hankins
76936,Phil Hankinson
1628605,Dusty Hannahs
76937,Alex Hannum
76938,Don Hanrahan
76939,Rollen Hans
203162,Ben Hansbrough
201946,Tyler Hansbrough
76942,Bob Hansen
76940,Glenn Hansen
76941,Lars Hansen
2580,Travis Hansen
1682,Reggie Hanson
76944,Bill Hanzlik
202376,Luke Harangody
358,Anfernee Hardaway
896,Tim Hardaway
203501,Tim Hardaway Jr.
201935,James Harden
76945,Reggie Harding
76946,Charlie Hardnett
76947,Alan Hardy
1630702,Jaden Hardy
76948,James Hardy
76949,John Hargis
203090,Maurice Harkless
76950,Jerry Harkness
76951,Skip Harlicka
76952,Jerome Harmon
157,Derek Harper
1629607,Jared Harper
202712,Justin Harper
76954,Mike Harper
166,Ron Harper
1631199,Ron Harper Jr.
1723,Matt Harpring
1626149,Montrezl Harrell
202725,Josh Harrellson
2492,Adam Harrington
1733,Al Harrington
2454,Junior Harrington
970,Othella Harrington
76956,Art Harris
76957,Bernie Harris
76959,Bob Harris
76958,Chris Harris
2734,Devin Harris
203548,Elias Harris
203914,Gary Harris
1630223,Jalen Harris
203925,Joe Harris
1630284,Kevon Harris
446,Lucious Harris
202412,Manny Harris
200839,Mike Harris
76960,Steve Harris
202227,Terrel Harris
202699,Tobias Harris
76961,Tony Harris
1626151,Aaron Harrison
1626150,Andrew Harrison
76962,Bob Harrison
2758,David Harrison
1627885,Shaquille Harrison
2078,Jason Hart
1628404,Josh Hart
1628392,Isaiah Hartenstein
176,Antonio Harvey
2051,Donnell Harvey
202238,Kenny Hasbrouck
321,Scott Haskin
76965,Clem Haskins
2617,Udonis Haslem
2239,Trenton Hassell
76967,Billy Hassett
76966,Joey Hassett
76968,Scott Hastings
2213,Kirk Haston
76969,Vern Hatton
1630573,Sam Hauser
76970,John Havlicek
201150,Spencer Hawes
76971,Steve Hawes
76972,Connie Hawkins
765,Hersey Hawkins
1641722,Jordan Hawkins
1038,Juaquin Hawkins
76974,Marshall Hawkins
1138,Michael Hawkins
76975,Robert Hawkins
76977,Tom Hawkins
76978,Nate Hawthorne
101236,Chuck Hayes
76979,Elvin Hayes
2553,Jarvis Hayes
1629637,Jaxson Hayes
1630165,Killian Hayes
1628502,Nigel Hayes
76980,Steve Hayes
202330,Gordon Hayward
202351,Lazar Hayward
2217,Brendan Haywood
76981,Spencer Haywood
76982,John W. Hazen
76983,Walt Hazzard
101129,Luther Head
1049,Shane Heal
76984,Brian Heaney
76985,Garfield Heard
203687,Reggie Hearn
76986,Herm Hedderick
76987,Alvin Heggs
76988,Tom Heinsohn
76989,Dick Hemric
673,Alan Henderson
1538,Cedric Henderson
76990,Cedric Henderson
76991,Dave Henderson
76993,Gerald Henderson
201945,Gerald Henderson
1764,J.R. Henderson
76992,Jerome Henderson
76994,Kevin Henderson
1630703,Scoot Henderson
76996,Tom Henderson
1641707,Taylor Hendricks
971,Mark Hendrickson
76998,Larry Hennessy
76999,Don Henriksen
1630565,Aaron Henry
77000,Al Henry
77004,Bill Henry
77001,Carl Henry
77002,Conner Henry
1627988,Myke Henry
77003,Skeeter Henry
202333,Xavier Henry
203089,John Henson
1667,Steve Henson
77006,Bill Herman
77007,Clarence Hermsen
1629608,Dewan Hernandez
1627823,Juancho Hernangomez
1626195,Willy Hernangomez
1914,Chris Herren
61,Carl Herrera
200835,Walter Herrmann
1629639,Tyler Herro
77010,Keith Herron
77011,Sidney Hertzberg
1628987,Kevin Hervey
77012,Fred Hetzel
77013,Bill Hewitt
77014,Jack Hewson
77015,Art Heyman
1626209,Mario Hezonja
201579,Roy Hibbert
77016,Matthew Hickey
1628439,Isaiah Hicks
77017,Phil Hicks
201581,JJ Hickson
1627741,Buddy Hield
202809,Cory Higgins
1848,Mike Higgins
77019,Rod Higgins
925,Sean Higgins
77021,Kenny Higgs
77022,Johnny High
1629312,Haywood Highsmith
77023,Wayne Hightower
2403,Nene
77024,Armond Hill
77025,Cleo Hill
77026,Gary Hill
201588,George Hill
255,Grant Hill
201195,Herbert Hill
201941,Jordan Hill
1630792,Malcolm Hill
203524,Solomon Hill
201631,Steven Hill
238,Tyrone Hill
77027,Art Hillhouse
1626199,Darrun Hilliard
77028,Darnell Hillman
77029,Fred Hilton
2550,Kirk Hinrich
1642396,Blake Hinson
77030,Roy Hinson
1630207,Nate Hinton
77031,Mel Hirsch
77032,Lew Hitch
200823,Robert Hite
1629658,Jaylen Hoard
202359,Darington Hobson
1641793,D'Moi Hodge
1106,Donald Hodge
101125,Julius Hodge
77034,Craig Hodges
77035,Adolph Hoefer
77036,Paul Hoffman
77037,Bob Hogsett
77038,Paul Hogue
697,Fred Hoiberg
77039,Doug Holcomb
2450,Randy Holcomb
1628988,Aaron Holiday
201950,Jrue Holiday
203200,Justin Holiday
77040,Brad Holland
77041,Joe Holland
204066,John Holland
77042,Wilbur Holland
1641842,Ronald Holland II
77043,Lionel Hollins
200797,Ryan Hollins
77044,Essie Hollis
1626178,Rondae Hollis-Jefferson
1626158,Richaun Holmes
1641747,DaRon Holmes II
1631096,Chet Holmgren
77045,Jim Holstein
77046,Alvin Holt
77047,Michael Holton
77048,Dick Holub
77049,Joe Holup
77050,Red Holzman
1630258,Caleb Homesley
1532,Jerald Honeycutt
202715,Tyler Honeycutt
1967,Derek Hood
203918,Rodney Hood
1641720,Jalen Hood-Schifino
77051,Tom Hoover
77052,Bob Hopkins
77053,Dave Hoppen
77054,Dennis Hopson
203816,Scotty Hopson
77055,Johnny Horan
77056,Cedrick Hordges
201143,Al Horford
77057,Tito Horford
77058,Ron Horn
204,Jeff Hornacek
202862,Dennis Horner
109,Robert Horry
77060,Ed Horton
1629659,Talen Horton-Tucker
77061,Wilmer Hosket
77062,Bob Houbregs
2067,Eddie House
1627863,Danuel House Jr.
1631216,Caleb Houstan
275,Allan Houston
780,Byron Houston
77064,Tom Hovasse
77065,Brian Howard
2730,Dwight Howard
77066,Greg Howard
1641724,Jett Howard
2572,Josh Howard
436,Juwan Howard
1630210,Markus Howard
77067,Mo Howard
77069,Otis Howard
1128,Stephen Howard
1629739,William Howard
77070,Bailey Howell
77072,Bob Hubbard
77071,Phil Hubbard
1631309,Trevor Hudgins
201991,Lester Hudson
77074,Lou Hudson
1607,Troy Hudson
1626273,Marcelo Huertas
1628989,Kevin Huerter
203962,Josh Huestis
1630643,Jay Huff
1572,Nate Huffman
77076,Alfredrick Hughes
77077,Eddie Hughes
1630190,Elijah Hughes
77078,Kim Hughes
1716,Larry Hughes
1965,Rick Hughes
1630574,Ariel Hukporti
203133,Robbie Hummel
77080,John Hummer
2415,Ryan Humphrey
1629353,Isaac Humphries
77081,Jay Humphries
2743,Kris Humphries
77082,Rod Hundley
1630624,Feron Hunt
2599,Brandon Hunter
77083,Cedric Hunter
201805,Chris Hunter
1629631,De'Andre Hunter
77084,Les Hunter
283,Lindsey Hunter
201629,Othello Hunter
1626154,RJ Hunter
2212,Steven Hunter
1626205,Vincent Hunter
310,Bobby Hurley
77086,Roy Hurley
1630562,Matt Hurt
77087,Geoff Huston
77088,Paul Huston
77089,Mel Hutchins
1628990,Chandler Hutchison
77090,Joe Hutton
77091,Greg Hyder
1630538,Bones Hyland
77092,Marc Iavaroni
201586,Serge Ibaka
1642345,Oso Ighodaro
2738,Andre Iguodala
980,Zydrunas Ilgauskas
101148,Mile Ilic
101141,Ersan Ilyasova
77093,Darrall Imhoff
77094,Tom Ingelsby
204060,Joe Ingles
203996,Damien Inglis
201281,Andre Ingram
1627742,Brandon Ingram
1631127,Harrison Ingram
77095,Joel Ingram
77096,Byron Irvin
202681,Kyrie Irving
1628371,Jonathan Isaac
77097,Dan Issel
77098,Mike Iuzzolino
947,Allen Iverson
1631093,Jaden Ivey
2767,Royal Ivey
1628411,Wes Iwundu
101127,Jarrett Jack
1628935,Aaron Jackson
77099,Al Jackson
1517,Bobby Jackson
202132,Cedric Jackson
201616,Darnell Jackson
1627743,Demetrius Jackson
1628402,Frank Jackson
77101,Greg Jackson
1630543,Isaiah Jackson
1114,Jaren Jackson
1983,Jermaine Jackson
754,Jim Jackson
1628367,Josh Jackson
1628382,Justin Jackson
77103,Lucious Jackson
2739,Luke Jackson
1531,Marc Jackson
349,Mark Jackson
77104,Michael Jackson
77105,Myron Jackson
77106,Phil Jackson
203510,Pierre Jackson
1631245,Quenton Jackson
77107,Ralph Jackson
1872,Randell Jackson
202704,Reggie Jackson
77109,Stanley Jackson
1536,Stephen Jackson
77100,Tony Jackson
77110,Tracy Jackson
77111,Wardell Jackson
1641713,GG Jackson II
1641748,Andre Jackson Jr.
1628991,Jaren Jackson Jr.
1631218,Trayce Jackson-Davis
77112,Winfred Jacobs
2418,Casey Jacobsen
1734,Sam Jacobson
77114,Dave Jamerson
77115,Aaron James
203108,Bernard James
1642355,Bronny James
202345,Damion James
77116,Gene James
1080,Henry James
1744,Jerome James
1629713,Justin James
2544,LeBron James
2229,Mike James
1628455,Mike James
1906,Tim James
1712,Antawn Jamison
1942,Harold Jamison
77120,John Janisch
77122,Howie Janotta
1631170,Jaime Jaquez Jr.
2060,Marko Jaric
77123,Tony Jaros
1630610,DeJon Jarreau
101180,Sarunas Jasikevicius
201605,Nathan Jawai
77125,Buddy Jeannette
77126,Abdul Jeelani
2423,Chris Jefferies
201785,Othyus Jeffers
2744,Al Jefferson
1628518,Amile Jefferson
203928,Cory Jefferson
200971,Dontell Jefferson
2210,Richard Jefferson
1629610,DaQuan Jeffries
2407,Jared Jeffries
1641998,Trey Jemison
202724,Charles Jenkins
1642450,Daniss Jenkins
2798,Horace Jenkins
203098,John Jenkins
201943,Brandon Jennings
24,Keith Jennings
1137,Chris Jent
77129,Les Jepsen
201973,Jonas Jerebko
1629660,Ty Jerome
201998,Curtis Jerrells
203511,Grant Jerrett
200817,Pooh Jeter
1630198,Isaiah Joe
2639,Britton Johnsen
1642358,AJ Johnson
200792,Alexander Johnson
1628993,Alize Johnson
101161,Amir Johnson
77131,Andy Johnson
1533,Anthony Johnson
202356,Armon Johnson
77132,Arnie Johnson
422,Avery Johnson
1629168,BJ Johnson
1627744,Brice Johnson
77130,Buck Johnson
1629661,Cameron Johnson
201291,Carldell Johnson
77133,Charlie Johnson
202419,Chris Johnson
203187,Chris Johnson
77135,Clay Johnson
77136,Clemon Johnson
1626177,Dakari Johnson
683,Darryl Johnson
77138,Dave Johnson
77139,David Johnson
1630525,David Johnson
1746,DeMarco Johnson
77141,Dennis Johnson
2035,DerMarr Johnson
698,Eddie Johnson
77144,Eddie Johnson
77145,Eric Johnson
911,Ervin Johnson
77146,Frank Johnson
77147,George Johnson
77148,George Johnson
77149,George Johnson
77150,Gus Johnson
77151,Harold Johnson
201274,Ivan Johnson
202707,JaJuan Johnson
1630552,Jalen Johnson
201949,James Johnson
2207,Joe Johnson
77152,John Johnson
77153,Kannard Johnson
1629640,Keldon Johnson
2256,Ken Johnson
77154,Ken Johnson
1630553,Keon Johnson
1642352,Keshad Johnson
134,Kevin Johnson
1641749,Keyontae Johnson
913,Larry Johnson
77156,Larry Johnson
77158,Lee Johnson
2669,Linton Johnson
77159,Lynbert Johnson
77142,Magic Johnson
77160,Marques Johnson
77168,Mickey Johnson
77161,Neil Johnson
203910,Nick Johnson
77162,Ollie Johnson
204179,Omari Johnson
203111,Orlando Johnson
77163,Reggie Johnson
77164,Rich Johnson
77165,Ron Johnson
1626169,Stanley Johnson
77166,Steffond Johnson
77134,Steve Johnson
201234,Trey Johnson
204020,Tyler Johnson
77167,Vinnie Johnson
202325,Wesley Johnson
203130,Darius Johnson-Odom
77170,Nate Johnston
77169,Neil Johnston
77171,Jim Johnstone
203999,Nikola Jokic
77172,Howie Jolliff
2264,Alvin Jones
77173,Anthony Jones
77174,Askia Jones
77180,Bill Jones
77193,Bobby Jones
200784,Bobby Jones
77175,Caldwell Jones
1630637,Carlik Jones
279,Charles Jones
77178,Charles Jones
1869,Charles R. Jones
1641732,Colby Jones
2563,Dahntay Jones
1627745,Damian Jones
1800,Damon Jones
203199,DeQuan Jones
1641794,Dillon Jones
202346,Dominique Jones
963,Dontae' Jones
101204,Dwayne Jones
77182,Dwight Jones
77183,Earl Jones
224,Eddie Jones
77184,Edgar Jones
2410,Fred Jones
1630529,Herbert Jones
1642403,Isaac Jones
77185,Jake Jones
1627883,Jalen Jones
2592,James Jones
1629203,Jemerrio Jones
77186,Jimmy Jones
77187,Johnny Jones
1908,Jumaine Jones
77188,K.C. Jones
1630539,Kai Jones
203158,Kevin Jones
77200,Larry Jones
77189,Major Jones
2891,Mark Jones
90000,Mark Jones
1630222,Mason Jones
77195,Nick Jones
77191,Ozell Jones
461,Popeye Jones
77192,Rich Jones
77194,Robin Jones
77196,Sam Jones
2652,Shelton Jones
200780,Solomon Jones
77197,Steve Jones
203093,Terrence Jones
1630200,Tre Jones
1626145,Tyus Jones
77198,Wali Jones
77199,Wallace Jones
77201,Wil Jones
77202,Willie Jones
77203,Willie Jones
203103,Perry Jones III
1627884,Derrick Jones Jr.
1817,Adonis Jordan
201599,DeAndre Jordan
77205,Eddie Jordan
202366,Jerome Jordan
893,Michael Jordan
674,Reggie Jordan
77208,Thomas Jordan
77209,Walter Jordan
77210,Phil Jordon
77211,Johnny Jorgensen
77212,Noble Jorgensen
77213,Roger Jorgensen
202709,Cory Joseph
2123,Garth Joseph
203126,Kris Joseph
77214,Yvon Joseph
1631107,Nikola Jovic
77215,Jeff Judkins
1630548,Johnny Juzang
1629662,Mfiondu Kabengele
77217,Edwin Kachan
77218,George Kaftan
77219,Ed Kalafat
1630686,Georgios Kalaitzakis
2549,Chris Kaman
1626163,Frank Kaminsky
77221,Ralph Kaplowitz
2574,Jason Kapono
77222,Tony Kappen
203508,Sergey Karasev
201207,Coby Karl
77223,George Karl
77225,Ed Kasid
2435,Mario Kasun
77226,Leo Katkaveck
77227,Bob Kauffman
201619,Sasha Kaun
77228,Wilbert Kautz
77229,Clarence Kea
77230,Michael Kearns
77231,Tommy Kearns
228,Adam Keefe
77233,Harold Keeling
1631211,Trevor Keels
77234,Ken Keller
77235,Rich Kelley
77236,Clark Kellogg
77237,Gerard Kelly
203527,Ryan Kelly
77238,Tom Kelly
77239,Greg Kelser
77240,Ben Kelso
431,Shawn Kemp
1118,Tim Kempton
77242,Frank Kendrick
1628379,Luke Kennard
202810,D.J. Kennedy
77243,Eugene Kennedy
77244,Joe Kennedy
77245,William Kennedy
77246,Larry Kenon
77247,Bill Kenville
1801,Jonathan Kerner
77248,Johnny Kerr
70,Steve Kerr
77249,Jack Kerris
760,Jerome Kersey
77251,Alec Kessler
1631117,Walker Kessler
1930,Lari Ketner
1630296,Braxton Key
705,Randolph Keys
2751,Viktor Khryapa
467,Jason Kidd
1629742,Stanton Kidd
77254,Warren Kidd
203077,Michael Kidd-Gilchrist
77255,Irv Kiffin
77256,Jack Kiley
77257,Ernie Killum
77258,Carl Kilpatrick
203930,Sean Kilpatrick
77259,Toby Kimball
77260,Bo Kimble
77261,Stan Kimbrough
77262,Chad Kinch
77263,Albert King
77264,Bernard King
12,Chris King
77266,Dan King
701,Frankie King
77268,George King
1628994,George King
1562,Gerard King
77270,Jim King
728,Jimmy King
1629663,Louis King
77272,Maury King
77273,Reggie King
1101,Rich King
351,Stacey King
77276,Tom King
77277,Bob Kinney
1641795,Taevion Kinsey
200814,Tarence Kinsey
1905,Andrei Kirilenko
203945,Alex Kirk
77278,Walt Kirk
1630557,Corey Kispert
77279,Doug Kistler
77280,Curtis Kitchen
1123,Greg Kite
954,Kerry Kittles
1628467,Maxi Kleber
170,Joe Kleine
101132,Linas Kleiza
77283,Leo Klier
1641752,Bobi Klintman
77284,Herm Klotz
77285,Duane Klueh
1642261,Dalton Knecht
77290,Billy Knight
77287,Bob Knight
2688,Brandin Knight
202688,Brandon Knight
1510,Brevin Knight
1630233,Nathan Knight
1861,Negele Knight
77288,Ron Knight
77289,Toby Knight
969,Travis Knight
77291,Lee Knorek
77292,Dick Knostman
77293,Rod Knowles
1628995,Kevin Knox II
77294,Bart Kofoed
77295,Don Kojis
1642278,Tyler Kolek
1631132,Christian Koloko
77296,Milo Komenich
77297,Howard Komives
402,Jon Koncak
1629723,John Konchar
77299,Bud Koper
77300,Joe Kopicki
1627788,Furkan Korkmaz
77301,Frank Kornet
1628436,Luke Kornet
101117,Yaroslav Korolev
2594,Kyle Korver
77302,Len Kosmalski
77303,Andy Kostecka
77304,Harold Kottman
201585,Kosta Koufos
77305,Tom Kozelko
77306,Arvid Kramer
77307,Barry Kramer
77308,Joel Kramer
77309,Dan Kraus
77310,Herb Krautblatt
203139,Viacheslav Kravtsov
77311,Jim Krebs
1630249,Vit Krejci
77312,Wayne Kreklow
77313,Tom Kron
77314,Tom Kropp
2420,Nenad Krstic
1474,Larry Krystkowiak
77316,Steve Kuberski
77317,Leo Kubiak
77318,Bruce Kuczenski
77319,Frank Kudelka
77320,John Kuester
77322,Ray Kuka
389,Toni Kukoc
1629083,Arnoldas Kulboka
1630228,Jonathan Kuminga
77323,Kevin Kunnert
77324,Mitch Kupchak
77325,Charles Kupec
1629066,Rodions Kurucs
201633,Rob Kurz
2825,Ibrahim Kutluay
1628398,Kyle Kuzma
203136,Ognjen Kuzmic
1627851,Mindaugas Kuzminskas
77327,Fred LaCour
1711,Raef LaFrentz
77328,Tom LaGarde
1631222,Jake LaRavia
1601,Rusty LaRue
77340,Rudy LaRusso
203897,Zach LaVine
1627746,Skal Labissiere
77326,Sam Lacey
363,Christian Laettner
201802,Oliver Lafayette
100263,Bill Laimbeer
77329,Pete Lalich
77330,Bo Lamar
1630237,Anthony Lamb
203117,Doron Lamb
203087,Jeremy Lamb
77331,John Lambert
77332,Jeff Lamp
2573,Maciej Lampe
77333,Jim Lampley
2253,Sean Lampley
1629111,Jock Landale
201171,Carl Landry
202068,Marcus Landry
77334,Mark Landsberger
77335,Jerome Lane
457,Andrew Lang
226,Antonio Lang
2591,James Lang
1892,Trajan Langdon
101247,Keith Langford
1629641,Romeo Langford
2061,Dan Langhi
600005,Bob Lanier
77338,Stu Lantz
1627879,Nicolas Laprovittola
77339,York Larese
203499,Shane Larkin
1641796,Pelle Larsson
77341,John Laskowski
201186,Stephane Lasme
77342,Dave Lattin
968,Priest Lauderdale
77344,Rich Laurel
77345,Walt Lautenbach
203530,Joffrey Lauvergne
77346,Tony Lavelli
77347,Bob Lavoy
201151,Acie Law
1629724,Vic Law
202371,Gani Lawal
77348,Ed Lawrence
1630639,AJ Lawson
1535,Jason Lawson
201951,Ty Lawson
1627774,Jake Layman
77350,Dennis Layton
1627747,Caris LeVert
1628388,T.J. Leaf
77351,Emanuel Leaks
77352,Hal Lear
77353,Allen Leavell
77354,Jeff Lebo
287,Eric Leckner
1629665,Jalen Lecque
203495,Ricky Ledo
77356,Butch Lee
77357,Clyde Lee
201584,Courtney Lee
1627814,Damion Lee
101135,David Lee
77358,Doug Lee
77359,George Lee
77360,Greg Lee
77361,Keith Lee
77362,Kurk Lee
202723,Malcolm Lee
77363,Rock Lee
77364,Ron Lee
77365,Russell Lee
1630240,Saben Lee
77366,Ed Leede
77367,Hank Lefkowitz
100,Tim Legler
77369,George Lehmann
1627215,Walt Lemon Jr.
203458,Alex Len
702,Voshon Lenard
77371,Bob Leonard
77370,Gary Leonard
202695,Kawhi Leonard
203086,Meyers Leonard
77372,Jim Les
202727,Travis Leslie
77373,Ronnie Lester
77374,Clifford Lett
202720,Jon Leuer
77375,Andrew Levane
77376,Lafayette Lever
77377,Cliff Levingston
77385,Bobby Lewis
736,Cedric Lewis
77379,Fred Lewis
77380,Freddie Lewis
77381,Grady Lewis
1631171,Justin Lewis
729,Martin Lewis
1641721,Maxwell Lewis
1900,Quincy Lewis
77383,Ralph Lewis
1740,Rashard Lewis
77384,Reggie Lewis
1630575,Scottie Lewis
1630184,Kira Lewis Jr.
77386,Marcus Liberty
77387,Todd Lichti
1630604,E.J. Liddell
202732,DeAndre Liggins
77388,Bill Ligon
203081,Damian Lillard
202391,Jeremy Lin
77389,Steve Lingenfelter
175,Alton Lister
1629642,Nassir Little
1641726,Dereck Lively II
1630587,Isaiah Livers
1641753,Chris Livingston
988,Randy Livingston
2733,Shaun Livingston
77392,Ron Livingstone
1024,Horacio Llamas
77394,Earl Lloyd
77395,Lewis Lloyd
77396,Scott Lloyd
77397,Bob Lochmueller
77398,Robert Lock
77399,Darrell Lockhart
1100,Ian Lockhart
77401,Kevin Loder
77402,Don Lofgran
1629155,Zach Lofton
1631254,Kenneth Lofton Jr.
77403,Johnny Logan
38,Brad Lohaus
1609,Art Long
3,Grant Long
1381,John Long
77406,Paul Long
1627848,Shawn Long
26,Luc Longley
1626172,Kevon Looney
201572,Brook Lopez
1732,Felipe Lopez
2221,Raul Lopez
201577,Robin Lopez
943,Ryan Lorthridge
77409,Jim Loscutoff
77410,Plummer Lott
77411,Kevin Loughery
1629712,Didi Louzada
77412,Bob Love
201567,Kevin Love
77413,Stan Love
77414,Clyde Lovellette
77415,Sidney Lowe
77416,Chuck Lowery
200768,Kyle Lowry
1628070,Jordan Loyd
77417,Al Lucas
77418,Jerry Lucas
77419,John Lucas
203564,Kalin Lucas
77420,Maurice Lucas
101249,John Lucas III
77421,Ted Luckenbill
1731,Tyronn Lue
77422,Jim Luisi
77423,Al Lujack
77424,Phil Lumpkin
77425,Ray Lumpp
1630994,Gabriel Lundberg
1641754,Seth Lundy
1627789,Timothe Luwawu-Cabarrot
1628399,Tyler Lydon
1626168,Trey Lyles
248,George Lynch
77426,Kevin Lynch
77427,Mike Lynn
1627815,Sheldon Mac
1928,Todd MacCulloch
77430,Ronnie MacGilvray
931,Don MacLean
77428,Mike Macaluso
77429,Ed Macauley
203159,Scott Machado
101178,Arvydas Macijauskas
77432,Ollie Mack
694,Sam Mack
202714,Shelvin Mack
1635,Malcolm Mackey
77435,Rudy Macklin
202731,Vernon Macklin
77436,Johnny Macknowski
1629133,Daryl Macon
1855,Mark Macon
1629122,J.P. Macura
77438,Kyle Macy
77439,Jack Maddox
2432,Tito Maddox
1666,Gerald Madkins
2058,Mark Madsen
77441,Norm Mager
203705,Josh Magette
1894,Corey Maggette
77442,Dave Magley
2048,Jamaal Magloire
1630266,Will Magnay
101133,Ian Mahinmi
77443,John Mahnken
77444,Francis Mahoney
328,Rick Mahorn
105,Dan Majerle
200970,Renaldo Major
1627748,Thon Maker
77447,Lionel Malamed
1630177,Theo Maledon
117,Jeff Malone
252,Karl Malone
77449,Moses Malone
1074,Matt Maloney
77450,Steve Malovic
1630572,Sandro Mamukelashvili
77451,Ted Manakas
77452,John Mandic
1630211,Karim Mane
77453,Frank Mangiapane
986,Marcus Mann
1629611,Terance Mann
1630544,Tre Mann
330,Danny Manning
77454,Ed Manning
316,Richard Manning
1630185,Nico Mannion
77456,Pace Mannion
77457,Nick Mantis
77459,Pete Maravich
77458,Peter Maravich
203906,Devyn Marble
77460,Roy Marble
950,Stephon Marbury
36,Sarunas Marciulionis
77462,Saul Mariaschin
77463,Jack Marin
1890,Shawn Marion
1626246,Boban Marjanovic
1628374,Lauri Markkanen
200806,Damir Markota
1752,Sean Marks
77464,Harvey Marlatt
77465,Eric Marsh
77466,Jim Marsh
681,Donny Marshall
923,Donyell Marshall
203088,Kendall Marshall
1630230,Naji Marshall
101185,Rawle Marshall
77467,Tom Marshall
77468,Vester Marshall
77481,Bill Martin
77478,Bob Martin
77469,Brian Martin
1628997,Caleb Martin
201858,Cartier Martin
1628998,Cody Martin
733,Cuonzo Martin
239,Darrick Martin
77473,Don Martin
77471,Donald Martin
77472,Fernando Martin
1626185,Jarell Martin
1641798,Jaylen Martin
77474,Jeff Martin
1629725,Jeremiah Martin
1630231,KJ Martin
1629103,Kelan Martin
2030,Kenyon Martin
2755,Kevin Martin
77475,Larue Martin
77476,Mo Martin
77477,Phil Martin
77479,Ronald Martin
77480,Slater Martin
1631213,Tyrese Martin
469,Jamal Mashburn
77482,Al Masino
193,Anthony Mason
2046,Desmond Mason
1628412,Frank Mason III
2427,Roger Mason Jr.
763,Tony Massenburg
77483,Eddie Mast
1628999,Yante Maten
1629726,Garrison Mathews
1628493,Mangok Mathiang
1629751,Dakota Mathias
1631097,Bennedict Mathurin
1631255,Karlo Matkovic
77484,Wes Matthews
202083,Wesley Matthews
77485,Ariel Maughan
77486,Marlon Maxey
1630178,Tyrese Maxey
101131,Jason Maxiell
77487,Cedric Maxwell
137,Vernon Maxwell
77489,Don May
77490,Scott May
101118,Sean May
195,Lee Mayberry
77492,Clyde Mayes
77493,Tharon Mayes
77495,Bill Mayfield
77494,Ken Mayfield
201953,Eric Maynor
201564,O.J. Mayo
1630219,Skylar Mays
77496,Travis Mays
77497,Matt Mazza
201601,Luc Mbah a Moute
2788,DJ Mbenga
77498,Bob McAdoo
203949,James Michael McAdoo
77499,Ken McBride
1630540,Miles McBride
1642272,Jared McCain
1628769,Tahjere McCall
203492,Ray McCallum
737,Bob McCann
77500,Brendan McCann
77502,Mel McCants
101119,Rashad McCants
77503,Mike McCarron
77504,Andre McCarter
77505,Willie McCarter
77506,Johnny McCarthy
77507,Howie McCarty
1820,Kelly McCarty
962,Walter McCarty
1043,Amal McCaskill
1627775,Patrick McCaw
77509,Dwayne McClain
77510,"Ted, Hound Dog McClain"
2082,Dan McClintock
77512,Jack McCloskey
45,George McCloud
1630644,Mac McClung
203468,CJ McCollum
77513,John McConathy
77514,Paul McConnell
204456,T.J. McConnell
77515,Keith McCord
77516,Tim McCormick
1741,Jelani McCoy
77517,Paul McCracken
200840,Chris McCray
1622,Rodney McCray
77518,Scooter McCray
1628571,Erik McCree
1641755,Kevin McCullar Jr.
1626191,Chris McCullough
77520,John McCullough
723,Clint McDaniel
1365,Xavier McDaniel
1630183,Jaden McDaniels
1629667,Jalen McDaniels
77523,Jim McDaniels
203909,KJ McDaniels
203926,Doug McDermott
1630253,Sean McDermott
77524,Ben McDonald
77525,Glenn McDonald
1075,Michael McDonald
77527,Hank McDowell
686,Antonio McDyess
77528,Jim McElroy
200829,Ivan McFarlin
77529,Mel McGaha
203956,Mitch McGary
201580,JaVale McGee
77530,Mike McGee
77531,Bill McGill
77532,George McGinnis
77533,Jon McGlocklin
1631121,Bryce McGowens
1503,Tracy McGrady
77534,Gil McGregor
1630787,Cameron McGriff
203585,Rodney McGruder
77536,Al McGuire
77535,Allie McGuire
77537,Dick McGuire
201187,Dominic McGuire
1450,Kevin McHale
29,Jim McIlvaine
976,Jeff McInnis
77540,Kenny McIntosh
77541,Kevin McKenna
77542,Forrest McKenzie
77543,Stan McKenzie
365,Derrick McKey
243,Aaron McKie
77547,Billy McKinney
77545,Carlton McKinney
77546,Horace McKinney
203590,Trey McKinney-Jones
1628035,Alfonzo McKinnie
1630605,JaQuori McLaughlin
1629162,Jordan McLaughlin
203463,Ben McLemore
77548,Mccoy McLemore
77549,George McLeod
2693,Keith McLeod
1728,Roshown McLeod
77551,Jack McMahon
203,Nate McMillan
77553,Tom McMillen
77554,Jim McMillian
77555,Shellie McMillon
77556,Mal McMullan
77557,Chet McNabb
77558,Mark McNamara
77559,Joe McNamee
202077,Jerel McNeal
77560,Chris McNealy
77562,Bob McNeill
77561,Larry McNeill
77563,Carl McNulty
2101,Paul McPherson
77565,Cozell McQueen
203895,Jordan McRae
77566,Thales McReynolds
201177,Josh McRoberts
77567,Eric McWilliams
77568,George Mearns
2098,Slava Medvedenko
1577,Darnell Mee
201975,Jodie Meeks
77570,Cliff Meely
77571,Scott Meents
77572,Dick Mehen
77573,Don Meineke
77574,Carl Meinhold
1626257,Salah Mejri
203539,Gal Mekel
77576,Bill Melchionni
77575,Gary Melchionni
1629740,Nicolo Melli
203097,Fab Melo
1629001,De'Anthony Melton
77577,Ed Melvin
77578,Dean Meminger
77579,Chuck Mencel
77580,John Mengelt
77581,Ken Menke
1641877,Nathan Mensah
200822,Pops Mensah-Bonsu
1500,Ron Mercer
77582,Joe Meriweather
77583,Porter Meriwether
1630241,Sam Merrill
77584,Tom Meschery
1629002,Chimezie Metu
684,Loren Meyer
77586,Dave Meyers
77587,Stan Miasek
77588,Larry Micheaux
203995,Vasilije Micic
1626175,Jordan Mickey
203114,Khris Middleton
77589,Zigmund Mihalik
2036,Chris Mihm
1628450,Eric Mika
77590,Ed Mikan
600012,George Mikan
77591,Larry Mikan
77593,Vern Mikkelsen
77594,Al Miksis
101223,Aaron Miles
101139,CJ Miles
2032,Darius Miles
77596,Eddie Miles
1527,Marko Milic
2545,Darko Milicic
77598,Nat Militzok
1889,Andre Miller
292,Anthony Miller
77605,Bill Miller
77603,Bob Miller
1802,Brad Miller
1641706,Brandon Miller
203121,Darius Miller
77602,Dick Miller
77599,Eddie Miller
1641801,Emanuel Miller
77600,Harry Miller
77601,Jay Miller
1641757,Jordan Miller
1631159,Leonard Miller
1626259,Malcolm Miller
2034,Mike Miller
932,Oliver Miller
203113,Quincy Miller
397,Reggie Miller
77604,Walt Miller
168,Chris Mills
77606,John Mills
201988,Patty Mills
371,Terry Mills
202407,Elijah Millsap
200794,Paul Millsap
1629003,Shake Milton
1631303,Justin Minaya
114,Harold Miner
1642434,Riley Minix
77609,Dirk Minniefield
77610,Dave Minor
65,Greg Minor
77612,Mark Minor
1631169,Josh Minott
202703,Nikola Mirotic
77613,Wat Misaka
1954,Jason Miskiri
1642274,Yves Missi
1642349,Ajay Mitchell
1630558,Davion Mitchell
1628378,Donovan Mitchell
77615,Mike Mitchell
77616,Murray Mitchell
417,Sam Mitchell
77614,Todd Mitchell
203183,Tony Mitchell
203502,Tony Mitchell
1628513,Naz Mitrou-Long
77618,Steve Mix
77619,Bill Mlkvy
1749,Cuttino Mobley
211,Eric Mobley
1630596,Evan Mobley
1630600,Isaiah Mobley
77621,Larry Moffett
1642367,Jonathan Mogbo
77622,Leo Mogus
1737,Nazr Mohammed
2040,Jerome Moiso
77623,Paul Mokeski
1629690,Adam Mokoka
77624,Jack Molinas
77625,Wayne Molis
77626,Sidney Moncrief
1631320,Chima Moneke
77627,Eric Money
2752,Sergei Monia
1628370,Malik Monk
600006,Earl Monroe
202328,Greg Monroe
77628,Rodney Monroe
1626242,Luis Montero
77630,Howie Montgomery
376,Eric Montross
1630541,Moses Moody
200081,Jamario Moon
1629875,Xavier Moon
77631,Jim Mooney
1629760,Matt Mooney
77632,Andre Moore
1628500,Ben Moore
202734,E'Twaun Moore
77634,Jackie Moore
77633,Johnny Moore
77635,Lowes Moore
1630,Mikki Moore
77636,Otto Moore
77637,Ron Moore
1631386,Taze Moore
929,Tracy Moore
1631111,Wendell Moore Jr.
1629630,Ja Morant
203961,Eric Moreland
77639,Jackie Moreland
77640,Guy Morgan
1629752,Juwan Morgan
77641,Rex Morgan
77642,Elmo Morgenthaler
77644,Darren Morningstar
356,Chris Morris
202721,Darius Morris
77647,Isaiah Morris
1628537,Jaylen Morris
202693,Markieff Morris
77646,Max Morris
1628420,Monte Morris
201043,Randolph Morris
2242,Terence Morris
202694,Marcus Morris Sr.
200747,Adam Morrison
77648,Dwight Morrison
77649,Mike Morrison
201627,Anthony Morrow
132,Dwayne Morton
1972,John Morton
77652,Richard Morton
77653,Glenn Mosley
77654,Perry Moss
734,Lawrence Moten
202700,Donatas Motiejunas
1628405,Johnathan Motley
2069,Hanno Mottola
203102,Arnett Moultrie
297,Alonzo Mourning
202389,Timofey Mozgov
77657,Chuck Mrazovich
1626144,Emmanuel Mudiay
77658,Erwin Mueller
203498,Shabazz Muhammad
1628539,Mychal Mulder
77659,Joe Mullaney
77660,Bob Mullens
201957,Byron Mullens
904,Chris Mullin
77662,Jeff Mullins
942,Todd Mundt
204098,Xavier Munford
77664,Chris Munk
77665,George Munroe
785,Eric Murdock
49,Gheorghe Muresan
1630278,Ade Murkey
77668,Allen Murphy
77669,Calvin Murphy
77672,Dick Murphy
203513,Erik Murphy
77670,Jay Murphy
77671,John Murphy
203122,Kevin Murphy
77673,Ronnie Murphy
77674,Tod Murphy
2211,Troy Murphy
1630530,Trey Murphy III
1627749,Dejounte Murray
2436,Flip Murray
1627750,Jamal Murray
1631099,Keegan Murray
77675,Ken Murray
1631200,Kris Murray
441,Lamond Murray
145,Tracy Murray
77676,Dorie Murrey
203315,Toure' Murry
1629058,Dzanan Musa
203488,Mike Muscala
77677,Angelo Musi
1054,Jerrod Mustaf
87,Dikembe Mutombo
982,Martin Muursepp
939,Pete Myers
1629004,Svi Mykhailiuk
1823,Makhtar N'diaye
1626122,Makhtar N'diaye
2055,Mamadou N'diaye
77681,Bob Naber
77682,Boris Nachamkin
2411,Bostjan Nachbar
1627846,Abdel Nader
77683,Jerry Nagel
77684,Fred Nagy
1924,Lee Nailon
2059,Eduardo Najera
77685,Larry Nance
1631250,Pete Nance
1626204,Larry Nance Jr.
203894,Shabazz Napier
77686,Paul Napolitano
77688,Bob Nash
77687,Charles Nash
959,Steve Nash
77689,Swen Nater
77690,Howard Nathan
77691,Calvin Natt
77692,Kenny Natt
77693,Willie Naulls
2434,Juan Carlos Navarro
202380,Hamady Ndiaye
101238,Boniface Ndong
1626254,Maurice Ndour
77694,Craig Neal
202390,Gary Neal
77695,Jim Neal
77696,Lloyd Neal
77697,Ed Nealy
203517,Nemanja Nedovic
77698,Al Negratti
77699,Barry Nelson
201634,DeMarcus Nelson
77700,Don Nelson
2749,Jameer Nelson
77701,Louie Nelson
1629614,Andrew Nembhard
1129,Ruben Nembhard
1630612,RJ Nembhard Jr.
1838,Tyrone Nesby
1630174,Aaron Nesmith
77704,Martin Nessley
1725,Rasho Nesterovic
203526,Raul Neto
77705,Johnny Neumann
77706,Paul Neumann
77707,Chuck Nevitt
1116,Melvin Newbern
1096,Ivano Newbill
1956,Ira Newble
77710,Mike Newlin
271,Johnny Newman
1629005,Malik Newman
77712,Dave Newmark
1641803,Tristen Newton
1627777,Georges Niang
201193,Demetris Nichols
77713,Jack Nichols
203094,Andrew Nicholson
1093,Gaylon Nickerson
77715,Carl Nicks
77716,Rich Niemann
77717,John Niemiera
77718,Mike Niles
77719,Kurt Nimphius
1630227,Daishen Nix
77720,Dyron Nix
77721,Norm Nixon
1630192,Zeke Nnaji
201149,Joakim Noah
77722,Chuck Noble
2804,Andres Nocioni
200786,David Noel
203457,Nerlens Noel
77723,Paul Noel
203512,Lucas Nogueira
77724,Jim Nolan
77725,Paul Nolen
999,Jeff Nordgaard
77727,Robert Nordmann
77728,Johnny Norlander
77729,Connie Norman
80,Ken Norman
77731,Audie Norris
983,Moochie Norris
77732,Sylvester Norris
1629668,Zach Norvell Jr.
77733,Willie Norwood
77734,George Nostrand
77735,Stan Noszka
77736,Mike Novak
200779,Steve Novak
1629669,Jaylen Nowell
1641806,Markquis Nowell
77737,Mel Nowell
1717,Dirk Nowitzki
1628373,Frank Ntilikina
1642361,Juan Nunez
1629134,Kendrick Nunn
203263,James Nunnally
203994,Jusuf Nurkic
77738,Dennis Nutt
1628021,David Nwaba
1629670,Jordan Nwora
1022,Julius Nwosu
1525,Charles O'Bannon
709,Ed O'Bannon
77742,John O'Boyle
77744,Bob O'Brien
77743,Buckshot O'Brien
1626266,JJ O'Brien
200753,Patrick O'Bryant
203948,Johnny O'Bryant III
77745,Dermie O'Connell
77746,Andy O'Donnell
77750,Francis O'Grady
77752,Dick O'Keefe
77753,Tommy O'Keefe
77754,Mike O'Koren
77766,Grady O'Malley
979,Jermaine O'Neal
406,Shaquille O'Neal
1626220,Royce O'Neale
77767,Mike O'Neill
203124,Kyle O'Quinn
77773,Kevin O'Shea
77774,Garland O'Shields
77776,Dan O'Sullivan
891,Charles Oakley
101177,Fabricio Oberto
1627849,Daniel Ochefu
201141,Greg Oden
1885,Lamar Odom
77747,Carlos Ogden
77748,Ralph Ogden
1628,Alan Ogg
77751,Don Ohl
203317,Tim Ohlbrecht
1628400,Semi Ojeleye
2731,Emeka Okafor
1626143,Jahlil Okafor
1629643,Chuma Okeke
1629059,Elie Okobo
1629006,Josh Okogie
1630168,Onyeka Okongwu
1630171,Isaac Okoro
1629644,KZ Okpala
2246,Mehmet Okur
203506,Victor Oladipo
165,Hakeem Olajuwon
77756,Mark Olberding
77757,Jawann Oldham
77758,Johnny Oldham
77759,Frank Oleynick
77760,John Olive
1680,Brian Oliver
1628419,Cameron Oliver
2352,Dean Oliver
1429,Jimmy Oliver
1563,Kevin Ollie
77764,Gene Ollrich
1709,Michael Olowokandi
77765,Enoch Olsen
203482,Kelly Olynyk
1630647,Eugene Omoruyi
1629671,Miye Oni
202620,Arinze Onuaku
1627778,Chinanu Onuaku
77768,Barry Orms
77769,Johnny Orr
77770,Louis Orr
77771,Jose Ortiz
202350,Daniel Orton
77772,Chuck Osborne
1626224,Cedi Osman
77775,Wally Osterkorn
731,Greg Ostertag
77777,Matt Othick
77778,Don Otten
77779,Mac Otten
1630187,Daniel Oturu
1626162,Kelly Oubre Jr.
448,Bo Outlaw
2566,Travis Outlaw
77780,Claude Overton
77,Doug Overton
101261,Andre Owens
182,Billy Owens
2442,Chris Owens
77782,Eddie Owens
77783,James Owens
77784,Jim Owens
77785,Keith Owens
202082,Larry Owens
1629745,Tariq Owens
77786,Tom Owens
1077,Ray Owes
2071,Olumide Oyedeji
77788,Joe Pace
2585,Zaza Pachulia
123,Robert Pack
77789,Gerald Paddio
1909,Scott Padgett
1629873,Jaysean Paige
1627779,Marcus Paige
77790,Fred Paine
1960,Milt Palacio
77791,Togo Palazzi
77792,Jim Palmer
77793,John Palmer
1629309,Trayvon Palmer
77794,Walter Palmer
1630698,Kevin Pangos
1950,Andy Panko
1627834,Georgios Papagiannis
203123,Kostas Papanikolaou
2457,Jannero Pargo
202951,Jeremy Pargo
77797,Estes Parham
305,Robert Parish
77799,Medford Park
1515,Anthony Parker
203953,Jabari Parker
2470,Smush Parker
77800,Sonny Parker
2225,Tony Parker
77801,Jack Parkinson
685,Cherokee Parks
77802,Jack Parr
77803,Doyle Parrack
77804,Charlie Parsley
202718,Chandler Parsons
1629672,Eric Paschall
1628394,Anzejs Pasecniks
1097,Zarko Paspalj
77806,Marty Passaglia
77807,George A. Pastushok
77808,Myles Patrick
77809,Stan Patrick
1754,Andrae Patterson
77811,George Patterson
203934,Lamar Patterson
202335,Patrick Patterson
1739,Ruben Patterson
77812,Steve Patterson
77813,Tommy Patterson
77814,Worthy Patterson
1628383,Justin Patton
203464,Brandon Paul
101108,Chris Paul
77815,Charlie Paulk
77816,Jerry Paulson
77817,Billy Paultz
2562,Sasha Pavlovic
77818,Jim Paxson
77819,Jim Paxson
77820,John Paxson
77821,Johnny Payak
203940,Adreian Payne
1626166,Cameron Payne
77822,Kenny Payne
77823,Tom Payne
203901,Elfrid Payton
56,Gary Payton
77824,Mel Payton
1627780,Gary Payton II
77825,George Pearcy
77826,Henry Pearcy
200762,Oleksiy Pecherov
77827,Wiley Peck
324,Anthony Peeler
201593,Nikola Pekovic
77828,Jake Pelkington
203658,Norvel Pelle
77829,Sam Pellom
2130,Mike Penberthy
2667,Desmond Penigar
2632,Kirk Penney
46,Mike Peplowski
781,Will Perdue
1641970,Maozinha Pereira
2570,Kendrick Perkins
64,Sam Perkins
77834,Warren Perkins
200785,Kosta Perovic
1628506,London Perrantes
77835,Curtis Perry
386,Elliot Perry
1629617,Reggie Perry
897,Tim Perry
456,Chuck Person
445,Wesley Person
1628409,Alec Peters
77839,Jim Petersen
77840,Loy Petersen
77843,Bob Peterson
1641809,Drew Peterson
77841,Ed Peterson
77842,Mel Peterson
2050,Morris Peterson
77844,Geoff Petrie
101130,Johan Petro
77845,Drazen Petrovic
1630196,Filip Petrusev
77846,Richard Petruska
77847,Bob Pettit
77848,Roger Phegley
77850,Jack Phelan
77849,Jim Phelan
74,Derrick Phelps
77852,Mike Phelps
77853,Andy Phillip
1629341,Tarik Phillip
77854,Eddie Phillips
77855,Gary Phillips
1641763,Julian Phillips
184,Bobby Phills
15,Eric Piatkowski
1629618,Jalen Pickett
1630691,Jamorko Pickett
1718,Paul Pierce
894,Ricky Pierce
77858,Stan Pietkiewicz
2554,Mickael Pietrus
77859,John Pilch
291,Ed Pinckney
200838,Kevinn Pinkney
77861,John Pinone
1629033,Theo Pinson
77862,Dave Piontek
77863,Tom Piotrowski
937,Scottie Pippen
1630590,Scotty Pippen Jr.
77864,Charlie Pittman
202354,Dexter Pittman
2565,Zoran Planinic
202353,Tibor Pleiss
1631342,Daeqwon Plowden
1627850,Marshall Plumlee
203486,Mason Plumlee
203101,Miles Plumlee
77865,Gary Plummer
2750,Pavel Podkolzin
1641764,Brandin Podziemski
1627751,Jakob Poeltl
1629738,Vincent Poirier
1630197,Aleksej Pokusevski
77866,Dwayne Polee
77867,Jim Pollard
1513,Scot Pollard
77868,Ralph Polson
178,Olden Polynice
77869,Cliff Pondexter
202347,Quincy Pondexter
1629044,Shamorie Ponds
1630582,Yves Pons
1629673,Jordan Poole
77870,David Pope
998,Mark Pope
77872,Dave Popson
77873,Ben Poquette
2084,Chris Porter
77875,Howard Porter
1629007,Jontay Porter
77876,Kevin Porter
345,Terry Porter
1641854,Craig Porter Jr.
1629645,Kevin Porter Jr.
1629008,Michael Porter Jr.
203490,Otto Porter Jr.
1626171,Bobby Portis
77878,Bob Portman
204001,Kristaps Porzingis
1899,James Posey
1642366,Quinten Post
2068,Lavor Postell
958,Vitaly Potapenko
1630695,Micah Potter
200796,Leon Powe
203939,Dwight Powell
2694,Josh Powell
2867,Kasib Powell
1629619,Myles Powell
1626181,Norman Powell
101232,Roger Powell
1627816,Alex Poythress
77879,Paul Pressey
203515,Phil Pressey
77880,Dominic Pressley
77881,Harold Pressley
1630554,Jason Preston
201985,AJ Price
85,Brent Price
77883,Jim Price
899,Mark Price
77884,Mike Price
101179,Ronnie Price
77882,Tony Price
77886,Bob Priddy
203143,Pablo Prigioni
1630563,Joshua Primo
1627752,Taurean Prince
2419,Tayshaun Prince
77887,John Pritchard
340,Kevin Pritchard
1630202,Payton Pritchard
1919,Laron Profit
1641765,Olivier-Maxence Prosper
201172,Gabe Pruitt
2038,Joel Przybilla
77888,Les Pugh
77889,Roy Pugh
77890,Anthony Pullard
1626643,Jacob Pullen
1642389,Zyon Pullin
1628681,Rodney Purvis
77891,Don Putman
1627753,Zhou Qi
1627817,Tim Quarterman
1630243,Trevelin Queen
1629674,Neemias Queta
77892,Bob Quick
1630193,Immanuel Quickley
200809,Chris Quinn
77893,Brian Quinnett
1631311,Lester Quinones
1628397,Ivan Rabb
77894,Luke Rackley
77895,Howie Rader
77896,Mark Radford
77897,Wayne Radford
129,Dino Radja
2209,Vladimir Radmanovic
1893,Aleksandar Radojevic
77899,Frank Radovich
77900,Moe Radovich
203545,Miroslav Raduljica
77901,Ray Radziszewski
77902,Ray Ragelis
77903,Sherwin Raiken
77904,Ed Rains
2080,Igor Rakocevic
77905,Kurt Rambis
2762,Peter John Ramos
77906,Cal Ramsey
77907,Frank Ramsey
1630186,Jahmi'us Ramsey
77908,Ray Ramsey
1821,Mark Randall
1626184,Chasson Randle
203944,Julius Randle
201576,Anthony Randolph
101183,Shavlik Randolph
2216,Zach Randolph
77910,Wally Rank
77911,Kelvin Ransey
77912,Sam Ranzino
78656,Blair Rasmussen
1628504,Xavier Rathan-Mayes
77913,George Ratkovicz
77914,Ed Ratleff
77915,Mike Ratliff
689,Theo Ratliff
202360,Andy Rautins
77916,Leo Rautins
200810,Allan Ray
77917,Clifford Ray
77918,Don Ray
77920,Jamesearl Ray
77919,Jim Ray
77921,Craig Raymond
77922,Connie Rea
1641871,Duop Reath
1630559,Austin Reaves
77923,Joe Reaves
1629729,Josh Reaves
1442,Zeljko Rebraca
695,Eldridge Recasner
2072,Michael Redd
1629629,Cam Reddish
77925,Frank Reddout
200755,JJ Redick
77926,Marlon Redmond
1628432,Davon Reed
77927,Hub Reed
2770,Justin Reed
1630194,Paul Reed
77928,Ron Reed
203186,Willie Reed
77929,Willis Reed
1641810,Antonio Reeves
735,Bryant Reeves
234,Khalid Reeves
77932,Richie Regan
77933,Don Rehfeldt
77937,Billy Reid
690,Don Reid
462,J.R. Reid
77935,Jim Reid
1629675,Naz Reid
77936,Robert Reid
202385,Ryan Reid
2876,Jared Reiner
77938,Joseph Reiser
77939,Richard Rellford
720,Terrence Rencher
77941,John Rennicke
77942,Rob Rensberger
981,Efthimios Rentzias
704,Shawn Respert
77944,Kevin Restani
1629244,Cam Reynolds
77945,George Reynolds
77946,Jerry Reynolds
1631197,Jared Rhoden
77947,Gene Rhodes
1518,Rodrick Rhodes
779,Glen Rice
203318,Glen Rice
201181,Chris Richard
1630208,Nick Richards
77950,Clint Richardson
2202,Jason Richardson
200978,Jeremy Richardson
1626196,Josh Richardson
1627781,Malachi Richardson
77952,Micheal Ray Richardson
2369,Norman Richardson
71,Pooh Richardson
2047,Quentin Richardson
782,Mitch Richmond
77954,John Richter
77955,Dick Ricketts
375,Isaiah Rider
77957,Jackie Ridgle
2557,Luke Ridnour
77958,Mel Riebe
77959,Jim Riffey
2541,Antoine Rigaudeau
77960,Tom Riker
77963,Bob Riley
35,Eric Riley
77962,Pat Riley
77964,Ron Riley
1630203,Grant Riller
77965,Rich Rinaldi
77966,Mike Riordan
1642258,Zaccharie Risacher
77967,Arnie Risen
77968,Goebel Ritter
77969,Ramon Rivas
203085,Austin Rivers
77970,David Rivers
470,Doc Rivers
77972,Lee Robbins
203460,Andre Roberson
101194,Anthony Roberson
77973,Rick Roberson
2121,Terrance Roberson
77975,Anthony Roberts
77979,Bill Roberts
203148,Brian Roberts
122,Fred Roberts
77977,Joe Roberts
101160,Lawrence Roberts
77978,Marv Roberts
914,Stanley Roberts
926,Alvin Robertson
600015,Oscar Robertson
1926,Ryan Robertson
77983,Tony Robertson
77984,Rick Robey
2774,Bernard Robinson
997,Chris Robinson
77986,Cliff T. Robinson
361,Clifford Robinson
764,David Robinson
1628421,Devin Robinson
1629130,Duncan Robinson
1944,Eddie Robinson
77988,Flynn Robinson
299,Glenn Robinson
77989,Jackie Robinson
1554,Jamal Robinson
381,James Robinson
1629010,Jerome Robinson
1629620,Justin Robinson
1683,Larry Robinson
1629011,Mitchell Robinson
101126,Nate Robinson
77994,Oliver Robinson
1631115,Orlando Robinson
716,Rumeal Robinson
203080,Thomas Robinson
77993,Truck Robinson
77996,Wayne Robinson
203922,Glenn Robinson III
1630526,Jeremiah Robinson-Earl
77997,Bill Robinzine
77998,Dave Robisch
1629676,Isaiah Roby
77999,Red Rocha
78000,John Roche
78001,Gene Rock
78002,Jack Rocker
1631223,David Roddy
78003,Guy Rodgers
23,Dennis Rodman
200771,Sergio Rodriguez
691,Lou Roe
435,Carlos Rogers
78007,Johnny Rogers
78008,Marshall Rogers
915,Rodney Rogers
964,Roy Rogers
78010,Al Roges
78011,Ken Rohloff
202375,Magnum Rolle
78012,Kenny Rollins
78013,Phil Rollins
1631157,Ryan Rollins
78014,Tree Rollins
78015,Lorenzo Romar
200765,Rajon Rondo
399,Sean Rooks
201565,Derrick Rose
147,Jalen Rose
990,Malik Rose
78016,Robert Rose
78017,Alexander Rosenberg
78018,Lennie Rosenbluth
78019,Hank Rosenstein
78020,Dick Rosenthal
2624,Quinton Ross
203082,Terrence Ross
78021,Doug Roth
78022,Scott Roth
78023,Irv Rothenberg
78024,Mickey Rottner
78025,Dan Roundfield
78026,Giff Roux
78027,Ron Rowan
78028,Curtis Rowe
1642050,Jackson Rowe
78029,Jim Rowinski
78030,Derrick Rowland
78031,Brian Rowsom
200750,Brandon Roy
140,Donald Royal
78033,Bob Royer
32,Clifford Rozier
1626179,Terry Rozier
201937,Ricky Rubio
2462,Guy Rucker
78035,Delaney Rudd
78036,John Rudd
204014,Damjan Rudez
78037,John Rudometkin
1913,Michael Ruffin
460,Trevor Ruffin
78039,Paul Ruffner
78040,Joe Ruklick
78041,Jeff Ruland
78042,Bob Rule
78043,Jerry Rullo
1641712,Rayan Rupert
474,Stefano Rusconi
201575,Brandon Rush
2416,Kareem Rush
78049,Bill Russell
935,Bryon Russell
78047,Campy Russell
78045,Cazzie Russell
1626156,D'Angelo Russell
78046,Frank Russell
78048,Walker Russell
201041,Walker Russell
1630346,Matt Ryan
717,Arvydas Sabonis
1627734,Domantas Sabonis
203135,Robert Sacre
78050,Ed Sadowski
78051,Kenny Sailors
1642275,Tidjane Salaun
927,John Salley
2422,John Salmons
1089,Kevin Salvadori
2066,Soumaila Samake
1629677,Luka Samanic
200798,Cheikh Samb
1629102,Brandon Sampson
203960,JaKarr Sampson
2441,Jamal Sampson
78055,Ralph Sampson
202396,Samardo Samuels
1631257,Jermaine Samuels Jr.
2143,Pepe Sanchez
78057,Frankie Sanders
1874,Jeff Sanders
202336,Larry Sanders
2684,Melvin Sanders
78059,Mike Sanders
78060,Thomas Sanders
1641766,Adama Sanogo
2091,Daniel Santiago
78061,Bob Santini
1630611,Gui Santos
78062,Wayne Sappleton
203967,Dario Saric
1642259,Alexandre Sarr
1630846,Olivier Sarr
987,Jason Sasser
2219,Jeryl Sasser
1631204,Marcus Sasser
203107,Tomas Satoransky
2261,Kenny Satterfield
78063,Frank Saul
78064,Woody Sauldsberry
78065,Fred Saunders
78066,Don Savage
2453,Predrag Savovic
78067,Alan Sawyer
2243,Brian Scalabrine
2637,Alex Scales
78068,Dewayne Scales
78069,Frank Schade
78070,Ben Schadler
78071,Herm Schaefer
78072,Bob Schafer
1630648,Jordan Schakel
78073,Ben Scharnus
78074,Marv Schatzman
78075,Fred Schaus
7,Dan Schayes
78076,Dolph Schayes
78078,Ossie Schectman
88,Steve Scheffler
78080,Tom Scheffler
1631248,Baylor Scheierman
78081,Dave Schellhase
101195,Luke Schenscher
78082,Herb Scherer
368,Dwayne Schintzius
78084,Dale Schlueter
78085,Otto Schnellbacher
78086,Dick Schnittker
78087,Russ Schoene
1629678,Admiral Schofield
78088,Dave Scholz
78089,Milt Schoon
96,Detlef Schrempf
203471,Dennis Schroder
78091,Howie Schultz
78092,Dick Schulz
78093,John Schweitz
2449,Luis Scola
78094,Freddie Scolari
78095,Alvin Scott
1064,Brent Scott
2,Byron Scott
78097,Charlie Scott
192,Dennis Scott
1109,James Scott
203118,Mike Scott
78100,Ray Scott
1035,Shawnelle Scott
1630286,Tre Scott
1630206,Jay Scrubb
78102,Carey Scurry
1631220,Dereon Seabron
78103,Bruce Seals
1578,Shea Seals
907,Malik Sealy
78105,Ed Searcy
78106,Ken Sears
78107,Wayne See
200757,Thabo Sefolosha
938,Rony Seikaly
78109,Glen Selbo
202729,Josh Selby
1627782,Wayne Selden
78110,Brad Sellers
78111,Phil Sellers
78112,Rollie Seltz
78113,Frank Selvy
78114,Jim Seminoff
200754,Mouhamed Sene
78115,George Senesky
1630578,Alperen Sengun
1641729,Brice Sensabaugh
202338,Kevin Seraphin
1738,Ansu Sesay
201196,Ramon Sessions
78116,Tom Sewell
1629012,Collin Sexton
78117,Paul Seymour
78118,Nick Shaback
1593,Charles Shackleford
78120,Carl Shaeffer
78121,Lee Shaffer
201203,Mustafa Shakur
1629013,Landry Shamet
1539,God Shammgod
78123,Earl Shannon
78124,Howie Shannon
1630545,Terrence Shannon Jr.
78125,Charlie Share
78126,Bill Sharman
1630549,Day'Ron Sharpe
1631101,Shaedon Sharpe
201594,Walter Sharpe
1117,John Shasky
78128,Ron Shavlik
216,Brian Shaw
1745,Casey Shaw
1629621,Marial Shayok
78130,Bob Shea
1642347,Jamal Shead
78131,Fred Sheffield
78132,Craig Shelton
78133,Lonnie Shelton
203129,Tornike Shengelia
1641767,Ben Sheppard
1852,Jeff Sheppard
1642263,Reed Sheppard
78135,Steve Sheppard
78136,Edmund Sherod
78653,Charlie Shipp
2321,Paul Shirley
78138,Gene Short
78139,Purvis Short
78140,Dexter Shouse
78141,Dick Shrider
78142,Gene Shue
78143,John Shumate
202697,Iman Shumpert
203144,Alexey Shved
1627783,Pascal Siakam
1626296,Jordan Sibert
78144,Sam Sibert
78145,Mark Sibley
78146,Jerry Sichting
78147,Larry Siegfried
78148,Ralph Siewert
78149,Jack Sikma
78150,James Silas
78151,Paul Silas
202918,Xavier Silas
202081,Garret Siler
78152,Mike Silliman
1629735,Chris Silva
101134,Wayne Simien
1627732,Ben Simmons
2250,Bobby Simmons
200759,Cedric Simmons
78153,Connie Simmons
78154,Johnny Simmons
203613,Jonathon Simmons
1628424,Kobi Simmons
1489,Lionel Simmons
1750,Miles Simon
1630250,Marko Simonovic
1629014,Anfernee Simons
54,Dickey Simpkins
202067,Diamon Simpson
1642354,K.J. Simpson
78157,Ralph Simpson
1630285,Zavier Simpson
1591,Alvin Sims
78160,Bob Sims
201235,Courtney Sims
78159,Doug Sims
203156,Henry Sims
1630579,Jericho Sims
78161,Scott Sims
202713,Kyle Singler
201606,Sean Singletary
202698,Chris Singleton
101189,James Singleton
78162,Mckinley Singleton
78163,Zeke Sinicola
1629686,Deividas Sirvydis
78164,Charlie Sitton
203491,Peyton Siva
1631376,Dmytro Skapintsev
101,Scott Skiles
78167,Al Skinner
1730,Brian Skinner
78168,Talvin Skinner
78169,Whitey Skoog
78170,Jeff Slade
1073,Reggie Slater
78171,Jim Slaughter
78172,Jose Slaughter
1641771,Jalen Slawson
2447,Tamar Slay
202388,Donald Sloan
78173,Jerry Sloan
101166,Uros Slokar
78174,Tom Sluby
1629346,Alen Smailagic
1630606,Javonte Smart
78175,Keith Smart
203935,Marcus Smart
78176,Belus Smawley
78177,Jack Smiley
78178,Adrian Smith
78207,Bill Smith
78209,Bill Smith
78202,Bingo Smith
78203,Bobby Smith
293,Charles Smith
1520,Charles Smith
78179,Charles Smith
1814,Chris Smith
203147,Chris Smith
78181,Clinton Smith
200783,Craig Smith
78182,Deb Smith
78183,Derek Smith
78184,Don Smith
78185,Donald Smith
2764,Donta Smith
475,Doug Smith
1630696,Dru Smith
78187,Ed Smith
78188,Elmore Smith
78189,Garfield Smith
78190,Greg Smith
202962,Greg Smith
202397,Ish Smith
2747,JR Smith
2074,Jabari Smith
1630188,Jalen Smith
201160,Jason Smith
202536,Jerry Smith
78191,Jim Smith
693,Joe Smith
2746,Josh Smith
78192,Keith Smith
181,Kenny Smith
78194,Labradford Smith
78195,Larry Smith
1910,Leon Smith
63,Michael Smith
78197,Michael Smith
2065,Mike Smith
202701,Nolan Smith
78198,Otis Smith
78199,Phil Smith
78200,Randy Smith
78201,Reggie Smith
78204,Robert Smith
203893,Russ Smith
78205,Sammy Smith
120,Steven Smith
200848,Steven Smith
1478,Stevin Smith
1631173,Terquavion Smith
2604,Theron Smith
380,Tony Smith
1641890,Tyler Smith
78208,Willie Smith
1629015,Zhaire Smith
1628372,Dennis Smith Jr.
1631095,Jabari Smith Jr.
1641733,Nick Smith Jr.
22,Rik Smits
1091,Mike Smrek
78212,Joe Smyth
1630270,Xavier Sneed
203503,Tony Snell
727,Eric Snow
78213,Dick Snyder
2745,Kirk Snyder
78214,George Sobek
78215,Ricky Sobers
78216,Ron Sobie
1631110,Jeremy Sochan
78217,Mike Sojourner
2226,Will Solomon
78219,Willie Somerset
2443,Darius Songaila
78220,Dave Sorenson
203480,James Southerland
78221,Gino Sovran
2776,Pape Sow
1629034,Ray Spalding
78222,Jim Spanarkel
2779,Vassilis Spanoulis
78223,Guy Sparrow
600009,Rory Sparrow
78225,Odie Spears
78226,Art Spector
201578,Marreese Speights
1629016,Omari Spellman
78227,Andre Spencer
1642285,Cam Spencer
771,Elmore Spencer
280,Felton Spencer
1630311,Pat Spencer
78230,Lou Spicer
78231,Craig Spitzer
201168,Tiago Splitter
78232,Art Spoelstra
84,Latrell Sprewell
78233,Larry Spriggs
1630531,Jaden Springer
78234,Jim Springer
78235,Jim Spruill
1756,Ryan Stack
711,Jerry Stackhouse
78237,Kevin Stacom
78238,Dave Stallworth
78239,Isaac Stallworth
78240,Ed Stanczak
1630199,Cassius Stanley
78241,Terence Stansbury
317,John Starks
78243,Keith Starr
203917,Nik Stauskas
78244,Larry Staverman
78245,Larry Steele
1099,Matt Steigenga
1735,Vladimir Stepania
203474,DJ Stephens
78247,Everette Stephens
78249,Jack Stephens
1086,Joe Stephens
202362,Lance Stephenson
1627293,Alex Stepheson
78250,Brook Steppe
78251,Barry Stevens
1641815,Isaiah Stevens
1630205,Lamar Stevens
78252,Wayne Stevens
2052,DeShawn Stevenson
1630597,DJ Stewart
78253,Dennis Stewart
1630191,Isaiah Stewart
1529,Kebu Stewart
1125,Larry Stewart
1565,Michael Stewart
78256,Norm Stewart
201880,Greg Stiemsma
78257,Steve Stipanovich
179,Bryant Stith
78259,Sam Stith
78260,Tom Stith
78261,Alex Stivrins
204065,David Stockton
304,John Stockton
978,Peja Stojakovic
1055,Ed Stokes
78264,Greg Stokes
203950,Jarnell Stokes
600016,Maurice Stokes
78266,Art Stolkey
1627754,Diamond Stone
202933,Julyan Stone
2852,Awvee Storey
757,Damon Stoudamire
101136,Salim Stoudamire
2405,Amar'e Stoudemire
78267,Paul Stovall
201199,DJ Strawberry
78268,Joe Strawder
1631124,Julian Strawther
78269,Bill Stricker
1065,Erick Strickland
1110,Mark Strickland
393,Rod Strickland
78270,Roger Strickland
78271,John Stroeder
400,Derek Strong
78273,Lamont Strothers
78274,John Stroud
1629622,Max Strus
201155,Rodney Stuckey
78275,Gene Stump
78276,Stan Stutz
1630591,Jalen Suggs
78277,Gary Suiter
203096,Jared Sullinger
201969,DaJuan Summers
1628410,Edmond Sumner
78654,Barry Sumpter
201180,Yue Sun
78278,Don Sunderlage
1743,Bruno Sundov
78279,Jon Sundvold
682,Bob Sura
78280,Dick Surhoff
78281,Dane Suttle
357,Greg Sutton
78283,Bennie Swain
1628403,Caleb Swanigan
78284,Norm Swanson
78285,Dan Swartz
2552,Michael Sweetney
1631306,Cole Swider
2741,Robert Swift
2031,Stromile Swift
78286,Aaron Swinson
1628591,Craig Sword
202377,Pape Sy
78287,Wallace Sydnor
1626208,Keifer Sykes
1132,Larry Sykes
1136,Brett Szabo
1887,Wally Szczerbiak
440,Zan Tabak
2657,Yuta Tabuse
101147,Chris Taft
78291,Sid Tannenbaum
1434,Dragan Tarlac
78293,Roy Tarpley
1630256,Jae'Sean Tate
78294,Earl Tatum
1628369,Jayson Tatum
204002,Edy Tavares
78295,Anthony Taylor
78296,Brian Taylor
101182,Donell Taylor
78298,Fred Taylor
1627819,Isaiah Taylor
78297,Jay Taylor
78299,Jeff Taylor
203106,Jeffery Taylor
201966,Jermaine Taylor
1511,Johnny Taylor
78301,Leonard Taylor
1508,Maurice Taylor
201446,Mike Taylor
78302,Roland Taylor
1630678,Terry Taylor
203116,Tyshawn Taylor
78303,Vince Taylor
78304,Terry Teagle
201952,Jeff Teague
203104,Marquis Teague
203141,Mirza Teletovic
2742,Sebastian Telfair
202066,Garrett Temple
1628462,Milos Teodosic
78305,Ira Terrell
1629123,Jared Terrell
78307,Carlos Terry
78306,Chuck Terry
78308,Claude Terry
1631207,Dalen Terry
1629150,Emanuel Terry
1891,Jason Terry
1630179,Tyrell Terry
1630257,Jon Teske
201934,Hasheem Thabeet
78309,Tom Thacker
1628464,Daniel Theis
78310,Reggie Theus
78311,Peter Thibeaux
78312,Bill Thieben
78313,Justus Thigpen
78314,David Thirdkill
203519,Adonis Thomas
2873,Billy Thomas
1630271,Brodric Thomas
1630560,Cam Thomas
1063,Carl Thomas
78316,Charles Thomas
2041,Etan Thomas
78317,Irving Thomas
202738,Isaiah Thomas
78318,Isiah Thomas
1975,Jamel Thomas
2839,James Thomas
78320,Jim Thomas
78321,Joe Thomas
1519,John Thomas
1903,Kenny Thomas
1629017,Khyri Thomas
703,Kurt Thomas
202498,Lance Thomas
202952,Malcolm Thomas
1629744,Matt Thomas
78322,Terry Thomas
1501,Tim Thomas
200748,Tyrus Thomas
202717,Trey Thompkins
1641708,Amen Thompson
1641709,Ausar Thompson
78323,Bernard Thompson
1631,Billy Thompson
240,Brooks Thompson
78325,Corny Thompson
78326,David Thompson
101159,Dijon Thompson
78327,George Thompson
203138,Hollis Thompson
201574,Jason Thompson
78328,John Thompson
78329,Kevin Thompson
202691,Klay Thompson
78,LaSalle Thompson
78331,Mychal Thompson
202814,Mychel Thompson
78332,Paul Thompson
78333,Stephen Thompson
202684,Tristan Thompson
1630550,JT Thor
78335,Rod Thorn
201154,Al Thornton
738,Bob Thornton
201977,Marcus Thornton
1628414,Sindarius Thornwell
901,Otis Thorpe
9,Sedale Threatt
600001,Nate Thurmond
78340,Mel Thurston
1629680,Matisse Thybulle
78341,Howard Tidrick
78342,Dan Tieman
1629681,Killian Tillie
78343,Darren Tillis
1630214,Xavier Tillman
78344,Jack Tingle
2224,Jamaal Tinsley
47,Wayman Tisdale
1627861,Mike Tobey
1630225,Isaiah Todd
78346,Marko Todorovich
78348,Ray Tolbert
78347,Tom Tolbert
201229,Anthony Tolliver
78349,Dean Tolson
78350,Rudy Tomjanovich
78351,Andrew Toney
78352,Sedric Toney
78353,Andy Tonkovich
342,Andy Toolson
78355,Jack Toomay
78356,Bernard Toone
1642260,Nikola Topic
1631210,Jacob Toppin
1630167,Obi Toppin
78357,Irv Torgoff
78358,Gene Tormohlen
2351,Oscar Torres
1629308,Juan Toscano-Anderson
78359,Bill Tosheff
78360,Bob Tough
1626253,Axel Toupane
78361,Monte Towe
700,Keith Tower
78363,William Towery
78364,Linton Townes
1626157,Karl-Anthony Towns
78365,Raymond Townsend
1642422,Armel Traore
78366,George Trapp
78367,John Trapp
1714,Robert Traylor
718,Gary Trent
1629018,Gary Trent Jr.
2244,Jeff Trepagnier
78651,John Tresvant
1629019,Allonzo Trier
78368,Dick Triptow
78369,Kelly Tripucka
2456,Cezary Trybanski
2054,Jake Tsakalidis
78370,John Tschogl
1631131,Oscar Tshiebwe
78371,Lou Tsioropoulos
2401,Nikoloz Tskitishvili
78372,Al Tucker
201169,Alando Tucker
141,Anthony Tucker
78374,Jim Tucker
200782,P.J. Tucker
1629730,Rayjon Tucker
78375,Trent Tucker
101142,Ronny Turiaf
1726,Mirsad Turkcan
2045,Hedo Turkoglu
78377,Andre Turner
78385,Bill Turner
78378,Elston Turner
202323,Evan Turner
78379,Henry Turner
78380,Jack Turner
78382,Jack Turner
78381,Jeff Turner
1819,John Turner
1626167,Myles Turner
1943,Wayne Turner
78386,Mel Turpin
78387,Dave Twardzik
78388,Jack Twyman
189,B.J. Tyler
202719,Jeremy Tyler
78390,Terry Tyler
78391,Charlie Tyra
1641816,Hunter Tyson
1642281,Jaylon Tyson
202775,Edwin Ubiles
202327,Ekpe Udoh
2137,Ime Udoka
2757,Beno Udrih
101146,Roko Ukic
1627755,Tyler Ulis
1630649,Stanley Umude
78392,Wes Unseld
78393,Hal Uplinger
78394,Kelvin Upshaw
1627784,Jarrod Uthoff
202386,Ben Uzoh
201987,Robert Vaden
202685,Jonas Valanciunas
78395,Darnell Valentine
1627756,Denzel Valentine
78396,Ron Valentine
78397,John Vallely
78398,Dick Van Arsdale
78399,Tom Van Arsdale
78401,Butch Van Breda Kolff
78400,Jan Van Breda Kolff
89,Nick Van Exel
1496,Keith Van Horn
78406,Norm Van Lier
1627832,Fred VanVleet
78402,Gene Vance
78403,Log Vander Velden
1629020,Jarred Vanderbilt
78405,Ernie Vandeweghe
78404,Kiki Vandeweghe
78407,Nick Vanos
2128,David Vanterpool
2237,Ratko Varda
2760,Anderson Varejao
202363,Jarvis Varnado
202349,Greivis Vasquez
1630170,Devin Vassell
78409,Charles Vaughn
710,David Vaughn
1521,Jacque Vaughn
1626173,Rashad Vaughn
78411,Virgil Vaughn
919,Loy Vaught
78413,Bob Verga
78414,Peter Verhoeven
202686,Jan Vesely
78415,Gundars Vetra
1628426,Sasha Vezenkov
78416,Joao Vianna
1630492,Luca Vildoza
101111,Charlie Villanueva
1629216,Gabe Vincent
78418,Jay Vincent
78417,Sam Vincent
200790,Marcus Vinicius
1844,Fred Vinson
78419,Gary Voce
78420,Floyd Volker
78421,Alexander Volkov
78422,Whitey Von Nieda
203943,Noah Vonleh
2063,Jake Voskuhl
78423,Danny Vranes
2582,Slavko Vranes
1037,Stojko Vrankovic
78425,Brett Vroman
2761,Jackson Vroman
202696,Nikola Vucevic
2756,Sasha Vujacic
1641774,Tristan Vukcevic
1629731,Dean Wade
2548,Dwyane Wade
78426,Mark Wade
101144,Von Wafer
78427,Clint Wager
2402,Dajuan Wagner
78428,Danny Wagner
1630532,Franz Wagner
78429,Milt Wagner
1629021,Moritz Wagner
1630688,Ish Wainright
203079,Dion Waiters
78430,Granville Waiters
78431,Andre Wakefield
78432,Neal Walk
78433,Andy Walker
952,Antoine Walker
78434,Brady Walker
78435,Chet Walker
78437,Darrell Walker
78436,Foots Walker
201611,Henry Walker
78438,Horace Walker
1631133,Jabari Walker
1641716,Jarace Walker
78439,Jimmy Walker
202689,Kemba Walker
78440,Kenny Walker
1630640,MJ Walker
78441,Phil Walker
955,Samaki Walker
78442,Wally Walker
1629022,Lonnie Walker IV
202322,John Wall
1112,Ben Wallace
1641717,Cason Wallace
2222,Gerald Wallace
961,John Wallace
1630811,Keaton Wallace
78443,Michael Wallace
739,Rasheed Wallace
1627820,Tyrone Wallace
78444,Dwight Waller
78445,Jamie Waller
78446,Jim Walsh
1641775,Jordan Walsh
101190,Matt Walsh
1642266,Ja'Kobe Walter
777,Rex Walters
78447,Paul Walther
78448,Rabbit Walthour
78450,Bill Walton
78449,Lloyd Walton
2575,Luke Walton
1628476,Derrick Walton Jr.
202954,Brad Wanamaker
78453,Bobby Wanzer
78454,Perry Warbington
369,Charlie Ward
78455,Gerry Ward
78456,Henry Ward
203810,Casper Ware
78457,Jim Ware
1642276,Kel'el Ware
78458,Ben Warley
78459,Bob Warlick
78460,Cornell Warner
1627866,Jameel Warney
78461,Johnny Warren
203933,T.J. Warren
202378,Willie Warren
78462,Bryan Warrick
101124,Hakim Warrick
78463,Chris Washburn
1627395,Julian Washburn
78469,Bobby Washington
200827,Darius Washington
78464,Duane Washington
78465,Dwayne Washington
1540,Eric Washington
78466,Jim Washington
78467,Kermit Washington
1629023,P.J. Washington
78468,Richard Washington
78470,Stan Washington
78471,Wilson Washington
1630613,Duane Washington Jr.
1631102,TyTy Washington Jr.
1629139,Yuta Watanabe
1629682,Tremont Waters
1630322,Lindy Waters III
1630570,Trendon Watford
201208,Darryl Watkins
1641817,Anton Watson
201228,C.J. Watson
2248,Earl Watson
320,Jamie Watson
1628778,Paul Watson
1631212,Peyton Watson
78474,Ron Watts
78473,Slick Watts
203146,Maalik Wayns
204033,David Wear
204037,Travis Wear
221,Clar. Weatherspoon
78475,Nick Weatherspoon
1629683,Quinndary Weatherspoon
201602,Kyle Weaver
78477,Jeff Webb
78478,Marcus Webb
892,Spud Webb
1627821,James Webb III
185,Chris Webber
1627362,Briante Weber
78479,Forest Weber
1067,Jeff Webster
101110,Martell Webster
78481,Marvin Webster
78482,Scott Wedman
201603,Sonny Weems
78483,Dick Wehr
78484,Brant Weidner
78485,Bob Weiss
78486,Rick Weitzman
1719,Bonzi Wells
1528,Bubba Wells
1642377,Jaylen Wells
78488,Owen Wells
78489,Ralph Wells
1846,Chris Welp
2412,Jiri Welsch
1629118,Thomas Welsh
1641705,Victor Wembanyama
82,Bill Wennington
78492,Matt Wenstrom
438,Robert Werdann
78494,Ray Wertis
1631104,Blake Wesley
133,David Wesley
78495,Walt Wesley
2561,David West
2753,Delonte West
28,Doug West
78497,Jerry West
201238,Mario West
770,Mark West
78499,Roland West
201566,Russell Westbrook
78500,Paul Westphal
78501,John Wetzel
101156,Robert Whaley
941,Ennis Whatley
1545,DeJuan Wheat
78504,Clinton Wheeler
1755,Tyson Wheeler
78506,Lucian Whitaker
1629632,Coby White
201591,DJ White
1628401,Derrick White
78507,Eric White
78508,Herb White
78509,Hubie White
1631298,Jack White
1751,Jahidi White
200778,James White
78510,Jojo White
1627855,Okaro White
1839,Randy White
2206,Rodney White
78512,Rory White
203091,Royce White
78513,Rudy White
202358,Terrico White
78514,Tony White
78515,Willie White
1628510,Andrew White III
1641727,Dariq Whitehead
1627785,Isaiah Whitehead
78516,Jerome Whitehead
1126,Donald Whiteside
202355,Hassan Whiteside
730,Dwayne Whitfield
1641715,Cam Whitmore
78519,Charles Whitney
43,Chris Whitney
204222,Greg Whittington
203963,Shayne Whittington
78520,Sidney Wicks
78521,Murray Wier
78522,Bob Wiesenhahn
1630580,Joe Wieskamp
1630598,Aaron Wiggins
203952,Andrew Wiggins
78523,Mitchell Wiggins
1629623,Lindell Wigginton
78524,Ken Wilburn
203912,C.J. Wilcox
2404,Chris Wilcox
78525,D.C. Wilcutt
78526,Gene Wiley
1628451,Jacob Wiley
78527,Michael Wiley
78528,Morlon Wiley
78529,Win Wilfong
78530,Lenny Wilkens
78531,Bob Wilkerson
78532,Jamaal Wilkes
78533,James Wilkes
2863,Damien Wilkins
1122,Dominique Wilkins
78534,Eddielee Wilkins
786,Gerald Wilkins
78537,Jeff Wilkins
78538,Dale Wilkinson
2366,Mike Wilks
1425,Aaron Williams
1626210,Alan Williams
1631214,Alondes Williams
1541,Alvin Williams
78539,Arthur Williams
78540,Bernie Williams
78564,Bob Williams
1585,Brandon Williams
1630314,Brandon Williams
433,Buck Williams
203710,C.J. Williams
78547,Chuck Williams
78541,Chuckie Williams
78543,Cliff Williams
1642262,Cody Williams
101258,Corey Williams
101114,Deron Williams
202682,Derrick Williams
78545,Don Williams
1631495,Donovan Williams
78546,Earl Williams
202343,Elliot Williams
677,Eric Williams
2421,Frank Williams
78548,Freeman Williams
1629684,Grant Williams
78549,Gus Williams
78550,Guy Williams
1006,Herb Williams
73,Hot Rod Williams
1631114,Jalen Williams
1715,Jason Williams
101214,Jawad Williams
2398,Jay Williams
1631119,Jaylin Williams
420,Jayson Williams
966,Jerome Williams
78554,John Williams
1629140,Johnathan Williams
202716,Jordan Williams
200818,Justin Williams
78555,Kenny Williams
1629026,Kenrich Williams
78556,Kevin Williams
31,Lorenzo Williams
101150,Lou Williams
1642013,Malik Williams
200766,Marcus Williams
201173,Marcus Williams
1631109,Mark Williams
101107,Marvin Williams
52,Micheal Williams
78558,Mike Williams
78560,Milt Williams
2590,Mo Williams
42,Monty Williams
78561,Nate Williams
1631466,Nate Williams
1630172,Patrick Williams
78566,Pete Williams
78571,Ray Williams
199,Reggie Williams
202130,Reggie Williams
78563,Rickey Williams
78565,Rob Williams
78567,Ron Williams
78568,Sam Williams
78569,Samuel Williams
281,Scott Williams
201157,Sean Williams
1742,Shammond Williams
200761,Shawne Williams
200749,Shelden Williams
78570,Sly Williams
201944,Terrence Williams
1576,Travis Williams
1627786,Troy Williams
1005,Walt Williams
78573,Ward Williams
78574,Willie Williams
1630533,Ziaire Williams
1629057,Robert Williams III
1628475,Matt Williams Jr.
1631246,Vince Williams Jr.
1628430,Nigel Williams-Goss
722,Corliss Williamson
78575,John Williamson
1629627,Zion Williamson
788,Kevin Willis
78577,Bill Willoughby
2000,Dedric Willoughby
78586,Bob Wilson
78585,Bobby Wilson
1628391,D.J. Wilson
78579,George Wilson
78580,Isaiah Wilson
1630592,Jalen Wilson
203966,Jamil Wilson
78581,Mike Wilson
78582,Nikita Wilson
78578,Othell Wilson
78583,Rick Wilson
78584,Ricky Wilson
78587,Thomas Wilson
1027,Trevor Wilson
1627787,Kyle Wiltjer
78589,Kennard Winchester
78590,Tony Windis
1629685,Dylan Windler
78591,John Windsor
78592,Lee Winfield
766,David Wingate
112,Dontonio Wingfield
78596,Harthorne Wingo
78597,Marv Winkler
1626159,Justise Winslow
1984,Rickie Winslow
1630216,Cassius Winston
1868,Trevor Winter
78600,Brian Winters
78601,Voise Winters
78602,Willie Wise
1630164,James Wiseman
203481,Jeff Withey
78603,Luke Witte
1456,Randy Wittman
78605,Garry Witts
78606,Dave Wohl
341,Joe Wolf
2106,Ruben Wolkowyski
203489,Nate Wolters
1631209,Isaiah Wong
78610,Al Wood
78612,Bob Wood
1626174,Christian Wood
116,David Wood
78609,Howard Wood
78611,Leon Wood
1630218,Robert Woodard II
2254,Loren Woods
2417,Qyntel Woods
1010,Randy Woods
78614,Mike Woodson
78615,Orlando Woolridge
1629624,Kenny Wooten
906,Haywoode Workman
78616,Mark Workman
78617,Tom Workman
1897,Metta World Peace
78618,Sam Worthen
1460,James Worthy
101120,Antoine Wright
101152,Bracey Wright
78620,Brad Wright
201148,Brandan Wright
202874,Chris Wright
203203,Chris Wright
1626153,Delon Wright
2748,Dorell Wright
78621,Howard Wright
78622,Joby Wright
201153,Julian Wright
78623,Larry Wright
953,Lorenzen Wright
1007,Luther Wright
1630589,Moses Wright
412,Sharone Wright
1630593,McKinley Wright IV
1629625,Justin Wright-Foreman
203100,Tony Wroten
78627,A.J. Wynder
1627824,Guerschon Yabusele
2397,Yao Ming
2428,Vincent Yarbrough
78628,George Yardley
78629,Barry Yates
78630,Wayne Yates
78631,Charlie Yelverton
201146,Yi Jianlian
78632,Rich Yonakor
1628221,Gabe York
78633,Danny Young
203923,James Young
1626202,Joe Young
1748,Korleone Young
78634,Michael Young
201156,Nick Young
78635,Perry Young
201970,Sam Young
201152,Thaddeus Young
1937,Tim Young
1629027,Trae Young
1630209,Omer Yurtseven
78638,Max Zaslofsky
78639,Robert Zawoluk
203469,Cody Zeller
78640,Dave Zeller
78641,Gary Zeller
78642,Hank Zeller
202545,Luke Zeller
203092,Tyler Zeller
78643,Tony Zeno
78644,Phil Zevenbergen
1917,Wang Zhi-zhi
678,George Zidek
2583,Derrick Zimmerman
1627757,Stephen Zimmerman
1627835,Paul Zipser
1627790,Ante Zizic
78647,Jim Zoet
78648,Bill Zopf
1627826,Ivica Zubac
78650,Matt Zunic
