Group,APM,Appearances,year
"('Al Horford', 'DeMarre Carroll', 'Jeff Teague', 'Kyle Korver', 'Paul Millsap')",8.360123449372988,1563,2014
"('Deron Williams', 'Joe Johnson', 'Mason Plumlee', 'Paul Pierce', 'Shaun Livingston')",11.250059117260488,1051,2014
"('Jodie Meeks', 'Kendall Marshall', 'Pau Gasol', 'Ryan Kelly', 'Wesley Johnson')",8.66954849876484,812,2014
"('Corey Brewer', 'Gorgui Dieng', 'Kevin Love', 'Kevin Martin', 'Ricky Rubio')",5.1566079199120205,906,2014
"('JJ Hickson', 'Kenneth Faried', 'Randy Foye', 'Ty Lawson', 'Wilson Chandler')",7.19733504282006,2019,2014
"('Kendrick Perkins', 'Kevin Durant', 'Reggie Jackson', 'Serge Ibaka', 'Thabo Sefolosha')",12.251144583200947,2161,2014
"('Chandler Parsons', 'Dwight Howard', 'James Harden', 'Patrick Beverley', 'Terrence Jones')",10.829140584928195,2541,2014
"('Andrew Bogut', 'David Lee', 'Harrison Barnes', 'Klay Thompson', 'Stephen Curry')",3.584818659315504,1294,2014
"('Corey Brewer', 'Kevin Love', 'Kevin Martin', 'Nikola Pekovic', 'Ricky Rubio')",12.836122922510738,4376,2014
"('David West', 'George Hill', 'Lance Stephenson', 'Paul George', 'Roy Hibbert')",11.806547844806058,6955,2014
"('Bradley Beal', 'John Wall', 'Marcin Gortat', 'Trevor Ariza', 'Trevor Booker')",7.718895980496929,2786,2014
"('John Wall', 'Marcin Gortat', 'Martell Webster', 'Trevor Ariza', 'Trevor Booker')",6.563853996673885,847,2014
"('Al Jefferson', 'Anthony Tolliver', 'Gerald Henderson', 'Josh McRoberts', 'Kemba Walker')",6.670907167187192,820,2014
"('Kendrick Perkins', 'Kevin Durant', 'Russell Westbrook', 'Serge Ibaka', 'Thabo Sefolosha')",9.422134259873753,2001,2014
"('Courtney Lee', 'Marc Gasol', 'Mike Conley', 'Tayshaun Prince', 'Zach Randolph')",12.490467862421562,2444,2014
"('Al Jefferson', 'Gerald Henderson', 'Josh McRoberts', 'Kemba Walker', 'Michael Kidd-Gilchrist')",11.630663933628444,2122,2014
"('DeMarre Carroll', 'Jeff Teague', 'Kyle Korver', 'Paul Millsap', 'Pero Antic')",12.300479461606908,1553,2014
"('Carlos Boozer', 'Jimmy Butler', 'Joakim Noah', 'Kirk Hinrich', 'Mike Dunleavy')",9.038641334551304,2837,2014
"('D.J. Augustin', 'Jimmy Butler', 'Joakim Noah', 'Mike Dunleavy', 'Taj Gibson')",12.25056610252681,828,2014
"('D.J. Augustin', 'Jimmy Butler', 'Joakim Noah', 'Kirk Hinrich', 'Taj Gibson')",9.784608243138749,938,2014
"('Henry Sims', 'Hollis Thompson', 'James Anderson', 'Michael Carter-Williams', 'Thaddeus Young')",-0.0678168149217144,1227,2014
"('Damian Lillard', 'LaMarcus Aldridge', 'Nicolas Batum', 'Robin Lopez', 'Wesley Matthews')",10.702318697075452,6284,2014
"('Channing Frye', 'Eric Bledsoe', 'Goran Dragic', 'Miles Plumlee', 'P.J. Tucker')",11.525158537075718,1696,2014
"('Amir Johnson', 'DeMar DeRozan', 'Jonas Valanciunas', 'Kyle Lowry', 'Terrence Ross')",8.331326623627614,3036,2014
"(""Amar'e Stoudemire"", 'Carmelo Anthony', 'JR Smith', 'Raymond Felton', 'Tyson Chandler')",6.588936878516691,1051,2014
"('Bradley Beal', 'John Wall', 'Marcin Gortat', 'Nene', 'Trevor Ariza')",10.790679494487392,2709,2014
"('John Wall', 'Marcin Gortat', 'Martell Webster', 'Nene', 'Trevor Ariza')",9.732250999044224,997,2014
"('Andre Iguodala', 'Andrew Bogut', 'David Lee', 'Klay Thompson', 'Stephen Curry')",16.412212708328155,3311,2014
"('Derrick Favors', 'Gordon Hayward', 'Marvin Williams', 'Richard Jefferson', 'Trey Burke')",4.496288660629898,2279,2014
"('Ben McLemore', 'DeMarcus Cousins', 'Isaiah Thomas', 'Jason Thompson', 'Rudy Gay')",4.212242960192569,1273,2014
"('Blake Griffin', 'Chris Paul', 'DeAndre Jordan', 'Jamal Crawford', 'Jared Dudley')",10.79919286070226,1112,2014
"('Dirk Nowitzki', 'Jose Calderon', 'Monta Ellis', 'Samuel Dalembert', 'Shawn Marion')",8.222262441571788,3592,2014
"('Jose Calderon', 'Monta Ellis', 'Samuel Dalembert', 'Shawn Marion', 'Vince Carter')",7.51966488774785,1059,2014
"('Avery Bradley', 'Brandon Bass', 'Jared Sullinger', 'Jeff Green', 'Jordan Crawford')",3.2153862452412003,1475,2014
"('Andre Drummond', 'Brandon Jennings', 'Greg Monroe', 'Josh Smith', 'Kentavious Caldwell-Pope')",2.533149568742544,2011,2014
"('Brandon Jennings', 'Greg Monroe', 'Josh Smith', 'Kyle Singler', 'Rodney Stuckey')",5.114542335657498,974,2014
"('Amir Johnson', 'DeMar DeRozan', 'Jonas Valanciunas', 'Kyle Lowry', 'Rudy Gay')",0.224232640888108,907,2014
"('Andre Drummond', 'Brandon Jennings', 'Greg Monroe', 'Josh Smith', 'Kyle Singler')",0.5700169464180099,1800,2014
"('Evan Turner', 'James Anderson', 'Michael Carter-Williams', 'Spencer Hawes', 'Thaddeus Young')",0.9851761774261022,2447,2014
"('Chandler Parsons', 'Dwight Howard', 'James Harden', 'Jeremy Lin', 'Terrence Jones')",11.117316620508772,1370,2014
"('Jarrett Jack', 'Kyrie Irving', 'Luol Deng', 'Spencer Hawes', 'Tristan Thompson')",10.2649024551224,925,2014
"('Danny Green', 'Kawhi Leonard', 'Tiago Splitter', 'Tim Duncan', 'Tony Parker')",14.141429846572173,1702,2014
"('Boris Diaw', 'Kawhi Leonard', 'Manu Ginobili', 'Tim Duncan', 'Tony Parker')",14.813640953402423,1253,2014
"('DeMarcus Cousins', 'Isaiah Thomas', 'Jason Thompson', 'Marcus Thornton', 'Rudy Gay')",13.102198962001252,891,2014
"('Channing Frye', 'Gerald Green', 'Goran Dragic', 'Miles Plumlee', 'P.J. Tucker')",6.150510603183139,2088,2014
"('DeJuan Blair', 'Dirk Nowitzki', 'Jose Calderon', 'Monta Ellis', 'Shawn Marion')",7.449464482111283,961,2014
"('Blake Griffin', 'Chris Paul', 'Darren Collison', 'DeAndre Jordan', 'Matt Barnes')",13.944808762773928,1318,2014
"('Blake Griffin', 'Chris Paul', 'DeAndre Jordan', 'Jamal Crawford', 'Matt Barnes')",18.09010550056754,1230,2014
"('Damian Lillard', 'Dorell Wright', 'Nicolas Batum', 'Robin Lopez', 'Wesley Matthews')",4.654323689560924,868,2014
"('Chris Bosh', 'Dwyane Wade', 'LeBron James', 'Mario Chalmers', 'Shane Battier')",11.53415926810683,1998,2014
"('Deron Williams', 'Joe Johnson', 'Kevin Garnett', 'Paul Pierce', 'Shaun Livingston')",11.486158934224456,913,2014
"('Blake Griffin', 'Chris Paul', 'DeAndre Jordan', 'JJ Redick', 'Jared Dudley')",11.860069682892076,1158,2014
"('Blake Griffin', 'Chris Paul', 'DeAndre Jordan', 'JJ Redick', 'Matt Barnes')",14.625873523539203,1301,2014
"('JR Smith', 'Kevin Love', 'Kyrie Irving', 'LeBron James', 'Timofey Mozgov')",20.232129342414567,2103,2015
"('Chandler Parsons', 'Dirk Nowitzki', 'Jameer Nelson', 'Monta Ellis', 'Tyson Chandler')",11.4247349003163,1006,2015
"('Damian Lillard', 'LaMarcus Aldridge', 'Nicolas Batum', 'Robin Lopez', 'Wesley Matthews')",15.77559144509716,2456,2015
"('Donatas Motiejunas', 'Dwight Howard', 'James Harden', 'Patrick Beverley', 'Trevor Ariza')",14.071357010907654,1417,2015
"('Ersan Ilyasova', 'Giannis Antetokounmpo', 'Khris Middleton', 'Michael Carter-Williams', 'Zaza Pachulia')",10.475095197336284,1590,2015
"('Greivis Vasquez', 'James Johnson', 'Lou Williams', 'Patrick Patterson', 'Tyler Hansbrough')",10.310971382728166,862,2015
"('C.J. Watson', 'David West', 'Rodney Stuckey', 'Roy Hibbert', 'Solomon Hill')",2.0601441475553988,962,2015
"('Alex Len', 'Eric Bledsoe', 'Goran Dragic', 'Markieff Morris', 'P.J. Tucker')",13.255261406417626,1579,2015
"('Andre Roberson', 'Kevin Durant', 'Russell Westbrook', 'Serge Ibaka', 'Steven Adams')",19.028441751658747,964,2015
"('Al Horford', 'DeMarre Carroll', 'Jeff Teague', 'Kyle Korver', 'Paul Millsap')",14.680127791349769,4574,2015
"('Brook Lopez', 'Deron Williams', 'Joe Johnson', 'Markel Brown', 'Thaddeus Young')",11.397014685717052,1002,2015
"('Bojan Bogdanovic', 'Brook Lopez', 'Deron Williams', 'Joe Johnson', 'Thaddeus Young')",1.831381670830984,894,2015
"('Danny Green', 'Kawhi Leonard', 'Tiago Splitter', 'Tim Duncan', 'Tony Parker')",19.03208684483073,1303,2015
"('Boris Diaw', 'Danny Green', 'Kawhi Leonard', 'Tim Duncan', 'Tony Parker')",15.254726948668823,1159,2015
"('Andrew Bogut', 'Draymond Green', 'Harrison Barnes', 'Klay Thompson', 'Stephen Curry')",18.86016205410208,4311,2015
"('Andre Iguodala', 'Andrew Bogut', 'Draymond Green', 'Klay Thompson', 'Stephen Curry')",13.652664305431603,1006,2015
"('Draymond Green', 'Harrison Barnes', 'Klay Thompson', 'Marreese Speights', 'Stephen Curry')",19.50175049367862,875,2015
"('Andre Iguodala', 'Draymond Green', 'Harrison Barnes', 'Klay Thompson', 'Stephen Curry')",23.353431769074955,854,2015
"('Bradley Beal', 'John Wall', 'Marcin Gortat', 'Nene', 'Paul Pierce')",10.98049882083604,2657,2015
"('Andre Drummond', 'Brandon Jennings', 'Greg Monroe', 'Kentavious Caldwell-Pope', 'Kyle Singler')",11.87732311969036,1007,2015
"('Blake Griffin', 'Chris Paul', 'DeAndre Jordan', 'JJ Redick', 'Matt Barnes')",15.808178844470891,5700,2015
"('Blake Griffin', 'Chris Paul', 'DeAndre Jordan', 'JJ Redick', 'Jamal Crawford')",9.249072357983776,1213,2015
"('Amir Johnson', 'DeMar DeRozan', 'Jonas Valanciunas', 'Kyle Lowry', 'Terrence Ross')",7.461689031425857,1670,2015
"('Carlos Boozer', 'Jeremy Lin', 'Jordan Hill', 'Kobe Bryant', 'Wesley Johnson')",1.5358480779445038,1367,2015
"('Alec Burks', 'Derrick Favors', 'Enes Freedom', 'Gordon Hayward', 'Trey Burke')",9.004179482948496,1222,2015
"('Avery Bradley', 'Brandon Bass', 'Evan Turner', 'Marcus Smart', 'Tyler Zeller')",2.253600330326876,1368,2015
"('CJ Miles', 'David West', 'George Hill', 'Roy Hibbert', 'Solomon Hill')",10.35945201245175,1444,2015
"('Courtney Lee', 'Jeff Green', 'Marc Gasol', 'Mike Conley', 'Zach Randolph')",9.787360150892498,1867,2015
"('Courtney Lee', 'Marc Gasol', 'Mike Conley', 'Tony Allen', 'Zach Randolph')",11.338990429637292,2073,2015
"('Arron Afflalo', 'Jusuf Nurkic', 'Kenneth Faried', 'Ty Lawson', 'Wilson Chandler')",8.60247212416844,1052,2015
"('Chandler Parsons', 'Dirk Nowitzki', 'Monta Ellis', 'Rajon Rondo', 'Tyson Chandler')",8.619336123402793,1854,2015
"('Channing Frye', 'Evan Fournier', 'Nikola Vucevic', 'Tobias Harris', 'Victor Oladipo')",4.395324644153362,817,2015
"('Bradley Beal', 'John Wall', 'Kris Humphries', 'Marcin Gortat', 'Paul Pierce')",9.967867352509131,1221,2015
"('Derrick Rose', 'Jimmy Butler', 'Joakim Noah', 'Mike Dunleavy', 'Pau Gasol')",13.206376048844971,1944,2015
"('Eric Bledsoe', 'Goran Dragic', 'Marcus Morris Sr.', 'Markieff Morris', 'Miles Plumlee')",11.122989059522585,938,2015
"('Anderson Varejao', 'Kevin Love', 'Kyrie Irving', 'LeBron James', 'Shawn Marion')",8.81375657788756,1000,2015
"('Blake Griffin', 'Chris Paul', 'DeAndre Jordan', 'Jamal Crawford', 'Matt Barnes')",18.307002051660096,938,2015
"('Ben McLemore', 'Darren Collison', 'DeMarcus Cousins', 'Jason Thompson', 'Rudy Gay')",18.09249384502086,1713,2015
"('Arron Afflalo', 'Kenneth Faried', 'Timofey Mozgov', 'Ty Lawson', 'Wilson Chandler')",9.462893635595854,1638,2015
"('Anthony Davis', 'Eric Gordon', 'Omer Asik', 'Quincy Pondexter', 'Tyreke Evans')",10.246924195461132,1514,2015
"('Ed Davis', 'Jordan Hill', 'Kobe Bryant', 'Ronnie Price', 'Wesley Johnson')",3.768408383745375,1053,2015
"('Anthony Davis', 'Jrue Holiday', 'Luke Babbitt', 'Omer Asik', 'Tyreke Evans')",12.268256230898103,801,2015
"('Dwight Howard', 'James Harden', 'Jason Terry', 'Terrence Jones', 'Trevor Ariza')",20.139125897119165,918,2015
"('Danilo Gallinari', 'Kenneth Faried', 'Randy Foye', 'Ty Lawson', 'Wilson Chandler')",8.384219626528127,1049,2015
"('Arron Afflalo', 'Damian Lillard', 'LaMarcus Aldridge', 'Nicolas Batum', 'Robin Lopez')",3.0682474181399737,1380,2015
"('Garrett Temple', 'John Wall', 'Marcin Gortat', 'Nene', 'Paul Pierce')",11.41880441032052,938,2015
"('Aaron Gordon', 'Elfrid Payton', 'Evan Fournier', 'Nikola Vucevic', 'Victor Oladipo')",4.989813926820747,919,2016
"('Amir Johnson', 'Avery Bradley', 'Isaiah Thomas', 'Jae Crowder', 'Jared Sullinger')",8.345941876519094,2922,2016
"('Andrew Wiggins', 'Gorgui Dieng', 'Karl-Anthony Towns', 'Ricky Rubio', 'Tayshaun Prince')",5.461112824210377,1014,2016
"('Andrew Wiggins', 'Gorgui Dieng', 'Karl-Anthony Towns', 'Ricky Rubio', 'Zach LaVine')",9.26816226430362,2618,2016
"('JR Smith', 'Kevin Love', 'Kyrie Irving', 'LeBron James', 'Tristan Thompson')",16.87807456345604,3157,2016
"('JR Smith', 'Kevin Love', 'Kyrie Irving', 'LeBron James', 'Timofey Mozgov')",5.263349072957915,1015,2016
"('Andre Roberson', 'Kevin Durant', 'Russell Westbrook', 'Serge Ibaka', 'Steven Adams')",14.972773746954864,4337,2016
"('Dion Waiters', 'Kevin Durant', 'Russell Westbrook', 'Serge Ibaka', 'Steven Adams')",15.072402519144047,1791,2016
"('Derrick Rose', 'Jimmy Butler', 'Nikola Mirotic', 'Pau Gasol', 'Tony Snell')",4.676326000314178,803,2016
"('Derrick Favors', 'Gordon Hayward', 'Raul Neto', 'Rodney Hood', 'Rudy Gobert')",10.14577058410922,1143,2016
"('Andrew Bogut', 'Draymond Green', 'Harrison Barnes', 'Klay Thompson', 'Stephen Curry')",13.894654977670292,2801,2016
"('Andrew Bogut', 'Brandon Rush', 'Draymond Green', 'Klay Thompson', 'Stephen Curry')",15.530895868998092,1091,2016
"('Corey Brewer', 'Dwight Howard', 'James Harden', 'Patrick Beverley', 'Trevor Ariza')",5.349287491695406,839,2016
"('Blake Griffin', 'Chris Paul', 'DeAndre Jordan', 'JJ Redick', 'Luc Mbah a Moute')",16.04903260983684,1325,2016
"('Chris Bosh', 'Dwyane Wade', 'Goran Dragic', 'Hassan Whiteside', 'Luol Deng')",6.68988666767086,1289,2016
"('Al-Farouq Aminu', 'CJ McCollum', 'Damian Lillard', 'Mason Plumlee', 'Noah Vonleh')",6.464831061820616,2414,2016
"('Al Horford', 'Jeff Teague', 'Kent Bazemore', 'Kyle Korver', 'Paul Millsap')",9.901685565576743,4162,2016
"('Andre Iguodala', 'Andrew Bogut', 'Draymond Green', 'Klay Thompson', 'Stephen Curry')",18.84489681423036,945,2016
"('Andre Iguodala', 'Draymond Green', 'Harrison Barnes', 'Klay Thompson', 'Stephen Curry')",23.85393332092551,1228,2016
"('Al Horford', 'Jeff Teague', 'Kyle Korver', 'Paul Millsap', 'Thabo Sefolosha')",12.47936366164928,958,2016
"('Bismack Biyombo', 'Cory Joseph', 'DeMar DeRozan', 'Patrick Patterson', 'Terrence Ross')",9.473606806729215,970,2016
"('Giannis Antetokounmpo', 'Greg Monroe', 'Jabari Parker', 'Jerryd Bayless', 'Khris Middleton')",5.535814488578738,1119,2016
"('Bradley Beal', 'John Wall', 'Marcin Gortat', 'Markieff Morris', 'Otto Porter Jr.')",12.287678557128029,819,2016
"('Bradley Beal', 'Jared Dudley', 'John Wall', 'Marcin Gortat', 'Otto Porter Jr.')",10.292065720173772,943,2016
"('Garrett Temple', 'Jared Dudley', 'John Wall', 'Marcin Gortat', 'Otto Porter Jr.')",6.350065311519186,1252,2016
"('Donatas Motiejunas', 'Dwight Howard', 'James Harden', 'Patrick Beverley', 'Trevor Ariza')",13.0474429663186,1408,2016
"('George Hill', 'Ian Mahinmi', 'Monta Ellis', 'Myles Turner', 'Paul George')",9.548027423181187,2066,2016
"('Cody Zeller', 'Courtney Lee', 'Kemba Walker', 'Marvin Williams', 'Nicolas Batum')",10.730131228865924,1768,2016
"('Giannis Antetokounmpo', 'Greg Monroe', 'Jabari Parker', 'Khris Middleton', 'Michael Carter-Williams')",6.210868086748289,2103,2016
"('Chandler Parsons', 'Deron Williams', 'Dirk Nowitzki', 'Wesley Matthews', 'Zaza Pachulia')",9.699803626064616,1561,2016
"('Chris Paul', 'DeAndre Jordan', 'JJ Redick', 'Luc Mbah a Moute', 'Paul Pierce')",12.40617464458281,1459,2016
"('Channing Frye', 'Elfrid Payton', 'Evan Fournier', 'Nikola Vucevic', 'Tobias Harris')",9.036112851239926,1283,2016
"('Brook Lopez', 'Donald Sloan', 'Joe Johnson', 'Thaddeus Young', 'Wayne Ellington')",7.328525076662902,1590,2016
"('Derrick Rose', 'Jimmy Butler', 'Pau Gasol', 'Taj Gibson', 'Tony Snell')",10.38214778930955,800,2016
"('Arron Afflalo', 'Carmelo Anthony', 'Jose Calderon', 'Kristaps Porzingis', 'Robin Lopez')",5.738842251344555,2840,2016
"('Andre Drummond', 'Ersan Ilyasova', 'Kentavious Caldwell-Pope', 'Marcus Morris Sr.', 'Reggie Jackson')",9.370471861168223,3547,2016
"('Danny Green', 'Kawhi Leonard', 'LaMarcus Aldridge', 'Tim Duncan', 'Tony Parker')",13.156403651455308,3198,2016
"(""D'Angelo Russell"", 'Jordan Clarkson', 'Julius Randle', 'Kobe Bryant', 'Roy Hibbert')",-4.474902689032036,2341,2016
"('Jordan Clarkson', 'Kobe Bryant', 'Larry Nance Jr.', 'Lou Williams', 'Roy Hibbert')",-2.432243762265834,885,2016
"('Andrew Wiggins', 'Karl-Anthony Towns', 'Kevin Garnett', 'Ricky Rubio', 'Tayshaun Prince')",11.81882214358622,1057,2016
"('Brook Lopez', 'Jarrett Jack', 'Joe Johnson', 'Rondae Hollis-Jefferson', 'Thaddeus Young')",5.037342555730745,919,2016
"('Bojan Bogdanovic', 'Brook Lopez', 'Jarrett Jack', 'Joe Johnson', 'Thaddeus Young')",5.69146050454885,1166,2016
"('Dwyane Wade', 'Goran Dragic', 'Hassan Whiteside', 'Joe Johnson', 'Luol Deng')",17.43796793766187,814,2016
"('Derrick Favors', 'Gordon Hayward', 'Rodney Hood', 'Rudy Gobert', 'Shelvin Mack')",16.92600199231671,967,2016
"('Danilo Gallinari', 'Emmanuel Mudiay', 'Gary Harris', 'Kenneth Faried', 'Nikola Jokic')",8.048250309039357,1148,2016
"('George Hill', 'Ian Mahinmi', 'Lavoy Allen', 'Monta Ellis', 'Paul George')",9.286221900933413,1408,2016
"('CJ Miles', 'George Hill', 'Ian Mahinmi', 'Monta Ellis', 'Paul George')",4.589843265659129,1447,2016
"('Jordan Clarkson', 'Julius Randle', 'Kobe Bryant', 'Lou Williams', 'Roy Hibbert')",-6.432360537120864,805,2016
"('Deron Williams', 'Dirk Nowitzki', 'Raymond Felton', 'Wesley Matthews', 'Zaza Pachulia')",10.267630219537091,1055,2016
"('Danny Green', 'David West', 'Kawhi Leonard', 'LaMarcus Aldridge', 'Tony Parker')",6.551857814868986,806,2016
"('DeMar DeRozan', 'DeMarre Carroll', 'Jonas Valanciunas', 'Kyle Lowry', 'Luis Scola')",5.6582174137339285,1036,2016
"('Andre Drummond', 'Kentavious Caldwell-Pope', 'Marcus Morris Sr.', 'Reggie Jackson', 'Tobias Harris')",8.666975740685604,2119,2016
"('DeMar DeRozan', 'James Johnson', 'Jonas Valanciunas', 'Kyle Lowry', 'Luis Scola')",6.243302013714484,1267,2016
"('Al-Farouq Aminu', 'CJ McCollum', 'Damian Lillard', 'Mason Plumlee', 'Maurice Harkless')",15.057779383536726,1880,2016
"('Carmelo Anthony', 'Jose Calderon', 'Kristaps Porzingis', 'Robin Lopez', 'Sasha Vujacic')",8.310149407121276,910,2016
"(""Amar'e Stoudemire"", 'Dwyane Wade', 'Goran Dragic', 'Joe Johnson', 'Luol Deng')",7.263065114171531,817,2016
"('Courtney Lee', 'Marc Gasol', 'Mike Conley', 'Tony Allen', 'Zach Randolph')",9.829352216446596,981,2016
"('Cody Zeller', 'Kemba Walker', 'Marvin Williams', 'Nicolas Batum', 'PJ Hairston')",6.81405020021333,1024,2016
"('Bismack Biyombo', 'Cory Joseph', 'Kyle Lowry', 'Patrick Patterson', 'Terrence Ross')",14.222802722401951,1235,2016
"('Jeff Teague', 'Monta Ellis', 'Myles Turner', 'Paul George', 'Thaddeus Young')",5.213959839076075,2579,2017
"('Eric Gordon', 'James Harden', 'Nene', 'Ryan Anderson', 'Trevor Ariza')",14.328051953287474,927,2017
"('Andre Iguodala', 'Draymond Green', 'Kevin Durant', 'Klay Thompson', 'Stephen Curry')",21.32345613010153,1190,2017
"('Clint Capela', 'James Harden', 'Patrick Beverley', 'Ryan Anderson', 'Trevor Ariza')",14.396350387248528,2500,2017
"('Clint Capela', 'Eric Gordon', 'James Harden', 'Ryan Anderson', 'Trevor Ariza')",11.294055366231058,1171,2017
"('Alex Len', 'Devin Booker', 'Eric Bledsoe', 'Marquese Chriss', 'T.J. Warren')",0.6028325903227201,839,2017
"('Carmelo Anthony', 'Courtney Lee', 'Derrick Rose', 'Joakim Noah', 'Kristaps Porzingis')",5.9603332473405874,1579,2017
"('Bradley Beal', 'John Wall', 'Marcin Gortat', 'Markieff Morris', 'Otto Porter Jr.')",13.671349425038793,6398,2017
"('Bradley Beal', 'John Wall', 'Kelly Oubre Jr.', 'Marcin Gortat', 'Otto Porter Jr.')",16.688547626865407,887,2017
"('Cody Zeller', 'Kemba Walker', 'Marvin Williams', 'Michael Kidd-Gilchrist', 'Nicolas Batum')",12.915904490121427,3108,2017
"('Andre Roberson', 'Russell Westbrook', 'Steven Adams', 'Taj Gibson', 'Victor Oladipo')",19.242061820800004,1174,2017
"('Al-Farouq Aminu', 'CJ McCollum', 'Damian Lillard', 'Mason Plumlee', 'Maurice Harkless')",13.81879006418486,1010,2017
"('Andre Drummond', 'Jon Leuer', 'Kentavious Caldwell-Pope', 'Marcus Morris Sr.', 'Reggie Jackson')",3.73692702517212,1608,2017
"('Andre Drummond', 'Ish Smith', 'Kentavious Caldwell-Pope', 'Marcus Morris Sr.', 'Tobias Harris')",3.632514610001704,1933,2017
"('Andre Drummond', 'Kentavious Caldwell-Pope', 'Marcus Morris Sr.', 'Reggie Jackson', 'Tobias Harris')",0.551058981152869,1480,2017
"('Draymond Green', 'Kevin Durant', 'Klay Thompson', 'Stephen Curry', 'Zaza Pachulia')",16.74145854909188,2868,2017
"('Al Horford', 'Amir Johnson', 'Avery Bradley', 'Isaiah Thomas', 'Jae Crowder')",12.247894953261904,2010,2017
"('Al Horford', 'Avery Bradley', 'Isaiah Thomas', 'Jae Crowder', 'Marcus Smart')",8.597248091406327,915,2017
"('Dennis Schroder', 'Dwight Howard', 'Kent Bazemore', 'Paul Millsap', 'Tim Hardaway Jr.')",9.570086448332871,986,2017
"('Brook Lopez', 'Caris LeVert', 'Jeremy Lin', 'Randy Foye', 'Rondae Hollis-Jefferson')",8.240619844391324,1079,2017
"('CJ McCollum', 'Damian Lillard', 'Jusuf Nurkic', 'Maurice Harkless', 'Noah Vonleh')",11.557172181150902,916,2017
"('Dennis Schroder', 'Dwight Howard', 'Kent Bazemore', 'Paul Millsap', 'Thabo Sefolosha')",5.519294117110097,1717,2017
"('Cory Joseph', 'DeMar DeRozan', 'DeMarre Carroll', 'Jonas Valanciunas', 'Serge Ibaka')",8.995665299155052,904,2017
"('Draymond Green', 'Klay Thompson', 'Patrick McCaw', 'Stephen Curry', 'Zaza Pachulia')",12.33599851344115,835,2017
"('CJ Miles', 'Jeff Teague', 'Myles Turner', 'Paul George', 'Thaddeus Young')",11.364273294590344,1878,2017
"('Glenn Robinson III', 'Jeff Teague', 'Myles Turner', 'Paul George', 'Thaddeus Young')",11.307020392469882,1568,2017
"('Dion Waiters', 'Goran Dragic', 'Hassan Whiteside', 'Luke Babbitt', 'Rodney McGruder')",6.1640912164778845,990,2017
"('Aaron Gordon', 'Elfrid Payton', 'Evan Fournier', 'Nikola Vucevic', 'Serge Ibaka')",4.329035702446737,1148,2017
"('Giannis Antetokounmpo', 'Jabari Parker', 'John Henson', 'Matthew Dellavedova', 'Tony Snell')",7.416857232924426,1567,2017
"('Danny Green', 'Kawhi Leonard', 'LaMarcus Aldridge', 'Pau Gasol', 'Tony Parker')",11.593990455145104,1661,2017
"('Dennis Schroder', 'Dwight Howard', 'Kent Bazemore', 'Kyle Korver', 'Paul Millsap')",4.872645787958116,831,2017
"('Andrew Wiggins', 'Gorgui Dieng', 'Karl-Anthony Towns', 'Ricky Rubio', 'Zach LaVine')",6.438172066706989,3426,2017
"('Andre Roberson', 'Domantas Sabonis', 'Russell Westbrook', 'Steven Adams', 'Victor Oladipo')",9.339228913911072,2542,2017
"('Dwyane Wade', 'Jimmy Butler', 'Rajon Rondo', 'Robin Lopez', 'Taj Gibson')",6.585919891123599,1547,2017
"('Brandon Ingram', 'Jordan Clarkson', 'Larry Nance Jr.', 'Lou Williams', 'Tarik Black')",3.178583223411368,804,2017
"('Aaron Gordon', 'Elfrid Payton', 'Evan Fournier', 'Nikola Vucevic', 'Terrence Ross')",11.422516394689564,1711,2017
"('Giannis Antetokounmpo', 'Khris Middleton', 'Malcolm Brogdon', 'Thon Maker', 'Tony Snell')",13.132718768092472,844,2017
"('Andrew Wiggins', 'Brandon Rush', 'Gorgui Dieng', 'Karl-Anthony Towns', 'Ricky Rubio')",7.849131420296122,2346,2017
"('Austin Rivers', 'Jamal Crawford', 'Marreese Speights', 'Raymond Felton', 'Wesley Johnson')",-2.0318767491786938,1007,2017
"('James Harden', 'Montrezl Harrell', 'Patrick Beverley', 'Ryan Anderson', 'Trevor Ariza')",5.886478489414322,805,2017
"('Danilo Gallinari', 'Emmanuel Mudiay', 'Gary Harris', 'Nikola Jokic', 'Wilson Chandler')",10.634917999781845,845,2017
"('JR Smith', 'Kevin Love', 'Kyrie Irving', 'LeBron James', 'Tristan Thompson')",11.115565315459715,3074,2017
"('Iman Shumpert', 'Kevin Love', 'Kyrie Irving', 'LeBron James', 'Tristan Thompson')",10.326485724429109,1063,2017
"('Devin Booker', 'Eric Bledsoe', 'Marquese Chriss', 'T.J. Warren', 'Tyson Chandler')",2.4915850010250207,1220,2017
"('Blake Griffin', 'Chris Paul', 'DeAndre Jordan', 'JJ Redick', 'Luc Mbah a Moute')",14.165859791068186,3610,2017
"('Frank Kaminsky', 'Kemba Walker', 'Marvin Williams', 'Michael Kidd-Gilchrist', 'Nicolas Batum')",10.079119191887663,847,2017
"('Dirk Nowitzki', 'Harrison Barnes', 'Seth Curry', 'Wesley Matthews', 'Yogi Ferrell')",9.949910106227836,1032,2017
"('Danny Green', 'Dewayne Dedmon', 'Kawhi Leonard', 'LaMarcus Aldridge', 'Tony Parker')",8.06847086644147,1029,2017
"(""D'Angelo Russell"", 'Julius Randle', 'Luol Deng', 'Nick Young', 'Timofey Mozgov')",10.788067716190069,1630,2017
"('Danilo Gallinari', 'Gary Harris', 'Jameer Nelson', 'Nikola Jokic', 'Wilson Chandler')",11.454051554410896,820,2017
"('DeMar DeRozan', 'DeMarre Carroll', 'Jonas Valanciunas', 'Kyle Lowry', 'Pascal Siakam')",2.5197506816523183,1418,2017
"('Chandler Parsons', 'JaMychal Green', 'Marc Gasol', 'Mike Conley', 'Tony Allen')",5.464182340193248,1092,2017
"('Devin Booker', 'Eric Bledsoe', 'Marquese Chriss', 'P.J. Tucker', 'Tyson Chandler')",2.2621335794111763,1127,2017
"('Chris Paul', 'Clint Capela', 'James Harden', 'P.J. Tucker', 'Trevor Ariza')",14.230015270461443,1833,2018
"('Clint Capela', 'Eric Gordon', 'James Harden', 'P.J. Tucker', 'Trevor Ariza')",14.134180015879554,1028,2018
"('Anthony Davis', ""E'Twaun Moore"", 'Jrue Holiday', 'Nikola Mirotic', 'Rajon Rondo')",15.134528778269338,1627,2018
"('Anthony Davis', 'DeMarcus Cousins', ""E'Twaun Moore"", 'Jrue Holiday', 'Rajon Rondo')",7.436465728105578,1677,2018
"('Denzel Valentine', 'Justin Holiday', 'Kris Dunn', 'Lauri Markkanen', 'Robin Lopez')",5.8379325178815575,2053,2018
"('Clint Capela', 'Eric Gordon', 'James Harden', 'Ryan Anderson', 'Trevor Ariza')",20.95640754307957,898,2018
"('Bojan Bogdanovic', 'Darren Collison', 'Domantas Sabonis', 'Thaddeus Young', 'Victor Oladipo')",9.777330971513251,1562,2018
"('Bradley Beal', 'John Wall', 'Kelly Oubre Jr.', 'Marcin Gortat', 'Otto Porter Jr.')",14.46283631577056,873,2018
"('Eric Bledsoe', 'Giannis Antetokounmpo', 'John Henson', 'Khris Middleton', 'Tony Snell')",9.83519388784297,2536,2018
"('Andrew Wiggins', 'Jeff Teague', 'Karl-Anthony Towns', 'Nemanja Bjelica', 'Taj Gibson')",12.162407907554329,1579,2018
"('Allen Crabbe', 'DeMarre Carroll', 'Rondae Hollis-Jefferson', 'Spencer Dinwiddie', 'Tyler Zeller')",9.971759044135457,1243,2018
"('Courtney Lee', 'Enes Freedom', 'Jarrett Jack', 'Kristaps Porzingis', 'Lance Thomas')",5.735335350951536,1218,2018
"('DeMar DeRozan', 'Jonas Valanciunas', 'Kyle Lowry', 'Norman Powell', 'Serge Ibaka')",7.50045873604432,1121,2018
"('CJ Miles', 'Delon Wright', 'Fred VanVleet', 'Jakob Poeltl', 'Pascal Siakam')",15.576583538272148,1407,2018
"('Derrick Favors', 'Donovan Mitchell', 'Joe Ingles', 'Ricky Rubio', 'Rudy Gobert')",12.379254291119898,2151,2018
"('Donovan Mitchell', 'Jae Crowder', 'Joe Ingles', 'Ricky Rubio', 'Rudy Gobert')",26.0152978265695,831,2018
"('Dwight Howard', 'Kemba Walker', 'Marvin Williams', 'Michael Kidd-Gilchrist', 'Nicolas Batum')",7.0229378799240765,4476,2018
"('Andre Iguodala', 'Draymond Green', 'Kevin Durant', 'Klay Thompson', 'Stephen Curry')",20.82567477798099,1094,2018
"('Draymond Green', 'Kevin Durant', 'Klay Thompson', 'Stephen Curry', 'Zaza Pachulia')",14.976122620961982,1755,2018
"('Bojan Bogdanovic', 'Cory Joseph', 'Myles Turner', 'Thaddeus Young', 'Victor Oladipo')",13.18021365069062,1337,2018
"('Brandon Ingram', 'Brook Lopez', 'Kentavious Caldwell-Pope', 'Kyle Kuzma', 'Lonzo Ball')",4.674411236787553,969,2018
"('Andre Drummond', 'Blake Griffin', 'Ish Smith', 'Reggie Bullock', 'Stanley Johnson')",8.417349379253176,1092,2018
"('Dennis Schroder', 'Ersan Ilyasova', 'Kent Bazemore', 'Miles Plumlee', 'Taurean Prince')",3.318457597952285,1449,2018
"('Andrew Wiggins', 'Jeff Teague', 'Jimmy Butler', 'Karl-Anthony Towns', 'Taj Gibson')",11.936103332304905,4696,2018
"('Bradley Beal', 'Marcin Gortat', 'Markieff Morris', 'Otto Porter Jr.', 'Tomas Satoransky')",12.63226221136114,2025,2018
"('DeMar DeRozan', 'Jonas Valanciunas', 'Kyle Lowry', 'O.G. Anunoby', 'Serge Ibaka')",13.435232688164506,3859,2018
"('Bradley Beal', 'John Wall', 'Marcin Gortat', 'Markieff Morris', 'Otto Porter Jr.')",9.599948811548815,2224,2018
"('Dennis Smith Jr.', 'Dirk Nowitzki', 'Harrison Barnes', 'Maxi Kleber', 'Wesley Matthews')",0.1811840516017374,1082,2018
"('Devin Harris', 'Dirk Nowitzki', 'Dwight Powell', 'J.J. Barea', 'Yogi Ferrell')",12.673923646883203,921,2018
"('Bojan Bogdanovic', 'Darren Collison', 'Myles Turner', 'Thaddeus Young', 'Victor Oladipo')",10.236654089446532,3253,2018
"('Andre Drummond', 'Avery Bradley', 'Reggie Jackson', 'Stanley Johnson', 'Tobias Harris')",5.176559087480127,1570,2018
"('JR Smith', 'Jae Crowder', 'Jose Calderon', 'Kevin Love', 'LeBron James')",10.750819764224154,1401,2018
"('Al Horford', 'Aron Baynes', 'Jaylen Brown', 'Jayson Tatum', 'Kyrie Irving')",16.795063420337545,1396,2018
"('Gary Harris', 'Jamal Murray', 'Nikola Jokic', 'Paul Millsap', 'Wilson Chandler')",12.579390606048152,1406,2018
"('Carmelo Anthony', 'Corey Brewer', 'Paul George', 'Russell Westbrook', 'Steven Adams')",8.190649093001392,1815,2018
"('Carmelo Anthony', 'Paul George', 'Russell Westbrook', 'Steven Adams', 'Terrance Ferguson')",2.9626568791992347,964,2018
"('Al-Farouq Aminu', 'CJ McCollum', 'Damian Lillard', 'Evan Turner', 'Jusuf Nurkic')",12.113177072618232,2449,2018
"('Al-Farouq Aminu', 'CJ McCollum', 'Damian Lillard', 'Jusuf Nurkic', 'Maurice Harkless')",12.66562227987186,1857,2018
"('Courtney Lee', 'Enes Freedom', 'Jarrett Jack', 'Kristaps Porzingis', 'Tim Hardaway Jr.')",13.515459587487518,1503,2018
"('Aaron Gordon', 'Bismack Biyombo', 'Elfrid Payton', 'Evan Fournier', 'Jonathon Simmons')",1.4415011546644056,887,2018
"('Andrew Wiggins', 'Jimmy Butler', 'Karl-Anthony Towns', 'Taj Gibson', 'Tyus Jones')",16.016290753479858,990,2018
"('Eric Bledsoe', 'Giannis Antetokounmpo', 'John Henson', 'Khris Middleton', 'Malcolm Brogdon')",14.183072554671988,922,2018
"('Aaron Gordon', 'Elfrid Payton', 'Evan Fournier', 'Jonathon Simmons', 'Nikola Vucevic')",4.629595158706396,845,2018
"('Dwight Howard', 'Jeremy Lamb', 'Kemba Walker', 'Marvin Williams', 'Michael Kidd-Gilchrist')",10.109407156498373,934,2018
"('Gary Harris', 'Jamal Murray', 'Nikola Jokic', 'Will Barton', 'Wilson Chandler')",10.251547449906218,1224,2018
"('Ben Simmons', 'Dario Saric', 'JJ Redick', 'Joel Embiid', 'Robert Covington')",17.795335606655094,2738,2018
"('Goran Dragic', 'Hassan Whiteside', 'James Johnson', 'Josh Richardson', 'Tyler Johnson')",6.154928880661849,1023,2018
"('Andre Roberson', 'Carmelo Anthony', 'Paul George', 'Russell Westbrook', 'Steven Adams')",15.87071309426545,2093,2018
"('Brook Lopez', 'Julius Randle', 'Kentavious Caldwell-Pope', 'Kyle Kuzma', 'Lonzo Ball')",4.107387989161992,885,2018
"('Alex Abrines', 'Carmelo Anthony', 'Paul George', 'Russell Westbrook', 'Steven Adams')",4.657566090766128,850,2018
"('Aaron Gordon', 'D.J. Augustin', 'Evan Fournier', 'Jonathon Simmons', 'Nikola Vucevic')",6.37894044588755,801,2018
"('Jamal Murray', 'Nikola Jokic', 'Paul Millsap', 'Will Barton', 'Wilson Chandler')",15.18000912882389,1174,2018
"('Brandon Ingram', 'Brook Lopez', 'Kentavious Caldwell-Pope', 'Larry Nance Jr.', 'Lonzo Ball')",6.211149505419822,911,2018
"('Dewayne Dedmon', 'John Collins', 'Kevin Huerter', 'Taurean Prince', 'Trae Young')",6.942491532145284,1393,2019
"('Al Horford', 'Jayson Tatum', 'Kyrie Irving', 'Marcus Morris Sr.', 'Marcus Smart')",14.117872728486883,2097,2019
"('Danny Green', 'Kawhi Leonard', 'Kyle Lowry', 'Pascal Siakam', 'Serge Ibaka')",14.971723982113549,2416,2019
"('Bojan Bogdanovic', 'Darren Collison', 'Myles Turner', 'Thaddeus Young', 'Victor Oladipo')",7.788226395838306,2229,2019
"('Gary Harris', 'Jamal Murray', 'Nikola Jokic', 'Paul Millsap', 'Torrey Craig')",12.244501352247342,1553,2019
"('Aaron Gordon', 'D.J. Augustin', 'Evan Fournier', 'Nikola Vucevic', 'Wes Iwundu')",10.216135175775037,808,2019
"('Aaron Gordon', 'D.J. Augustin', 'Evan Fournier', 'Jonathan Isaac', 'Nikola Vucevic')",9.98103139977701,3815,2019
"('Aaron Gordon', 'D.J. Augustin', 'Evan Fournier', 'Nikola Vucevic', 'Terrence Ross')",12.236046196061388,986,2019
"('DeMarcus Cousins', 'Draymond Green', 'Kevin Durant', 'Klay Thompson', 'Stephen Curry')",9.740795408546475,1250,2019
"('Andre Iguodala', 'Draymond Green', 'Kevin Durant', 'Klay Thompson', 'Stephen Curry')",20.083040145974067,1423,2019
"('Draymond Green', 'Kevin Durant', 'Kevon Looney', 'Klay Thompson', 'Stephen Curry')",19.282512913823044,1492,2019
"('Garrett Temple', 'Jaren Jackson Jr.', 'Kyle Anderson', 'Marc Gasol', 'Mike Conley')",13.100821699350648,1830,2019
"('Brook Lopez', 'Eric Bledsoe', 'Giannis Antetokounmpo', 'Khris Middleton', 'Malcolm Brogdon')",13.33172720046842,2772,2019
"('Cody Zeller', 'Jeremy Lamb', 'Kemba Walker', 'Marvin Williams', 'Nicolas Batum')",11.370304943807977,2409,2019
"('Caris LeVert', ""D'Angelo Russell"", 'Jared Dudley', 'Jarrett Allen', 'Joe Harris')",7.522599432111425,874,2019
"(""De'Anthony Melton"", 'Deandre Ayton', 'Devin Booker', 'Mikal Bridges', 'T.J. Warren')",-2.819498751250316,820,2019
"('Jerami Grant', 'Paul George', 'Russell Westbrook', 'Steven Adams', 'Terrance Ferguson')",11.601101322093456,4193,2019
"('Dennis Schroder', 'Jerami Grant', 'Paul George', 'Russell Westbrook', 'Steven Adams')",9.43578062607769,2113,2019
"('Danny Green', 'Fred VanVleet', 'Kawhi Leonard', 'Pascal Siakam', 'Serge Ibaka')",14.488797657734724,821,2019
"('Derrick Favors', 'Donovan Mitchell', 'Joe Ingles', 'Ricky Rubio', 'Rudy Gobert')",10.623633531630777,2167,2019
"('Donovan Mitchell', 'Jae Crowder', 'Joe Ingles', 'Ricky Rubio', 'Rudy Gobert')",15.62939223372187,2127,2019
"('Ben Simmons', 'JJ Redick', 'Jimmy Butler', 'Joel Embiid', 'Tobias Harris')",21.41382365609429,1402,2019
"('Chris Paul', 'Clint Capela', 'Eric Gordon', 'James Harden', 'P.J. Tucker')",13.519044520581428,2432,2019
"('Bryn Forbes', 'DeMar DeRozan', 'Derrick White', 'LaMarcus Aldridge', 'Rudy Gay')",10.445588912994957,1682,2019
"('Kris Dunn', 'Lauri Markkanen', 'Otto Porter Jr.', 'Robin Lopez', 'Zach LaVine')",5.751165649474826,849,2019
"('Andrew Wiggins', 'Dario Saric', 'Josh Okogie', 'Karl-Anthony Towns', 'Tyus Jones')",4.927100460647099,1258,2019
"('Andre Drummond', 'Blake Griffin', 'Bruce Brown', 'Reggie Jackson', 'Wayne Ellington')",8.62994876187952,1204,2019
"('Danny Green', 'Fred VanVleet', 'Kyle Lowry', 'Pascal Siakam', 'Serge Ibaka')",10.21565383026624,808,2019
"('Bradley Beal', 'Jeff Green', 'Thomas Bryant', 'Tomas Satoransky', 'Trevor Ariza')",3.5412236074007906,1418,2019
"('Buddy Hield', ""De'Aaron Fox"", 'Iman Shumpert', 'Nemanja Bjelica', 'Willie Cauley-Stein')",4.852250966945269,2159,2019
"('Bojan Bogdanovic', 'Darren Collison', 'Myles Turner', 'Thaddeus Young', 'Wesley Matthews')",9.783432199711957,1631,2019
"('Bojan Bogdanovic', 'Darren Collison', 'Myles Turner', 'Thaddeus Young', 'Tyreke Evans')",10.146887103926645,1088,2019
"('Bryn Forbes', 'DeMar DeRozan', 'Derrick White', 'Jakob Poeltl', 'LaMarcus Aldridge')",9.589826614785402,1050,2019
"('Gary Harris', 'Jamal Murray', 'Nikola Jokic', 'Paul Millsap', 'Will Barton')",9.926373466186115,2130,2019
"('Buddy Hield', ""De'Aaron Fox"", 'Harrison Barnes', 'Nemanja Bjelica', 'Willie Cauley-Stein')",3.861848778298637,1141,2019
"('Bobby Portis', 'Bradley Beal', 'Jeff Green', 'Tomas Satoransky', 'Trevor Ariza')",8.709322000730698,1036,2019
"('Al-Farouq Aminu', 'CJ McCollum', 'Damian Lillard', 'Jusuf Nurkic', 'Maurice Harkless')",13.25125856403376,3045,2019
"('Danilo Gallinari', 'Ivica Zubac', 'Landry Shamet', 'Patrick Beverley', 'Shai Gilgeous-Alexander')",9.700368869710866,1159,2019
"('Dennis Schroder', 'Jerami Grant', 'Russell Westbrook', 'Steven Adams', 'Terrance Ferguson')",5.242099413523232,852,2019
"('Bismack Biyombo', 'Jeremy Lamb', 'Kemba Walker', 'Marvin Williams', 'Nicolas Batum')",3.228307002129644,860,2019
"('DeAndre Jordan', 'Dennis Smith Jr.', 'Harrison Barnes', 'Luka Doncic', 'Wesley Matthews')",4.593237396280602,1702,2019
"('Ben Simmons', 'JJ Redick', 'Jimmy Butler', 'Joel Embiid', 'Wilson Chandler')",14.511744195428635,1218,2019
"('Jabari Parker', 'Justin Holiday', 'Ryan Arcidiacono', 'Wendell Carter Jr.', 'Zach LaVine')",3.472566381275436,949,2019
"('Danny Green', 'Kawhi Leonard', 'Kyle Lowry', 'Marc Gasol', 'Pascal Siakam')",18.116581753213858,2186,2019
"('Andrew Wiggins', 'Jeff Teague', 'Karl-Anthony Towns', 'Robert Covington', 'Taj Gibson')",10.139770923817998,948,2019
"('Brandon Ingram', 'JaVale McGee', 'Kyle Kuzma', 'LeBron James', 'Lonzo Ball')",8.40596247164043,997,2019
"('DeAndre Jordan', 'Harrison Barnes', 'Jalen Brunson', 'Luka Doncic', 'Wesley Matthews')",7.334723535528265,807,2019
"('Avery Bradley', 'Danilo Gallinari', 'Marcin Gortat', 'Shai Gilgeous-Alexander', 'Tobias Harris')",6.426656862824849,1418,2019
"('Chris Paul', 'Clint Capela', 'James Ennis III', 'James Harden', 'P.J. Tucker')",2.1830245727310094,845,2019
"('Andre Drummond', 'Blake Griffin', 'Bruce Brown', 'Reggie Bullock', 'Reggie Jackson')",11.615709066169398,1192,2019
"('Al-Farouq Aminu', 'CJ McCollum', 'Damian Lillard', 'Evan Turner', 'Jusuf Nurkic')",15.773975595730043,1095,2019
"('Al-Farouq Aminu', 'CJ McCollum', 'Damian Lillard', 'Jake Layman', 'Jusuf Nurkic')",14.204393655804596,1533,2019
"('Al-Farouq Aminu', 'CJ McCollum', 'Damian Lillard', 'Enes Freedom', 'Maurice Harkless')",4.182286210819621,1116,2019
"('Danuel House Jr.', 'James Harden', 'P.J. Tucker', 'Robert Covington', 'Russell Westbrook')",15.223680330732831,960,2020
"('Cedi Osman', 'Collin Sexton', 'Darius Garland', 'Kevin Love', 'Tristan Thompson')",4.956476238340736,2777,2020
"('Kris Dunn', 'Lauri Markkanen', 'Tomas Satoransky', 'Wendell Carter Jr.', 'Zach LaVine')",13.458760907886994,1280,2020
"('Anthony Davis', 'Avery Bradley', 'Danny Green', 'JaVale McGee', 'LeBron James')",16.746697130013814,1638,2020
"('Aron Baynes', 'Dario Saric', 'Devin Booker', 'Kelly Oubre Jr.', 'Ricky Rubio')",9.860097731324776,1038,2020
"('Bryn Forbes', 'DeMar DeRozan', 'Dejounte Murray', 'LaMarcus Aldridge', 'Trey Lyles')",8.5344931354063,2062,2020
"('Fred VanVleet', 'Kyle Lowry', 'Marc Gasol', 'O.G. Anunoby', 'Pascal Siakam')",15.680241180658673,2237,2020
"('Fred VanVleet', 'Kyle Lowry', 'O.G. Anunoby', 'Pascal Siakam', 'Serge Ibaka')",9.625639224635163,1028,2020
"('Brook Lopez', 'Eric Bledsoe', 'Giannis Antetokounmpo', 'Khris Middleton', 'Wesley Matthews')",18.84009555365124,2292,2020
"('Cody Zeller', ""Devonte' Graham"", 'Miles Bridges', 'P.J. Washington', 'Terry Rozier')",7.502063732442657,1096,2020
"('Cam Reddish', ""De'Andre Hunter"", 'John Collins', 'Kevin Huerter', 'Trae Young')",11.097910891975909,871,2020
"('Caris LeVert', 'Jarrett Allen', 'Joe Harris', 'Spencer Dinwiddie', 'Taurean Prince')",13.156551853644352,840,2020
"('Garrett Temple', 'Jarrett Allen', 'Joe Harris', 'Spencer Dinwiddie', 'Taurean Prince')",9.936212247045637,1966,2020
"('Aaron Gordon', 'Evan Fournier', 'Markelle Fultz', 'Nikola Vucevic', 'Terrence Ross')",11.26495614939432,936,2020
"('Bam Adebayo', 'Duncan Robinson', 'Goran Dragic', 'Jae Crowder', 'Jimmy Butler')",19.410756206532177,1005,2020
"('Gary Harris', 'Jamal Murray', 'Nikola Jokic', 'Paul Millsap', 'Will Barton')",11.881966097386334,2954,2020
"('Aaron Holiday', 'Domantas Sabonis', 'Doug McDermott', 'Justin Holiday', 'T.J. McConnell')",0.4589128347484945,989,2020
"('Bojan Bogdanovic', 'Donovan Mitchell', 'Joe Ingles', ""Royce O'Neale"", 'Rudy Gobert')",17.608159379236348,2306,2020
"('Anthony Davis', 'Danny Green', 'JaVale McGee', 'Kentavious Caldwell-Pope', 'LeBron James')",12.505200161054386,1688,2020
"('Domantas Sabonis', 'Jeremy Lamb', 'Malcolm Brogdon', 'Myles Turner', 'T.J. Warren')",11.652595782288817,1401,2020
"('Fred VanVleet', 'Marc Gasol', 'Norman Powell', 'O.G. Anunoby', 'Pascal Siakam')",15.855325863394498,847,2020
"('Bam Adebayo', 'Duncan Robinson', 'Jimmy Butler', 'Kendrick Nunn', 'Meyers Leonard')",14.737481277690929,1937,2020
"('Al Horford', 'Ben Simmons', 'Joel Embiid', 'Josh Richardson', 'Tobias Harris')",15.455370520210291,1014,2020
"('Aaron Gordon', 'Evan Fournier', 'Jonathan Isaac', 'Markelle Fultz', 'Nikola Vucevic')",8.341546734533152,996,2020
"('Daniel Theis', 'Gordon Hayward', 'Jaylen Brown', 'Jayson Tatum', 'Kemba Walker')",19.22779449039665,1183,2020
"('Daniel Theis', 'Jaylen Brown', 'Jayson Tatum', 'Kemba Walker', 'Marcus Smart')",15.22521108273791,1518,2020
"('Bojan Bogdanovic', 'Donovan Mitchell', 'Mike Conley', ""Royce O'Neale"", 'Rudy Gobert')",13.05778314658608,1551,2020
"('Dillon Brooks', 'Ja Morant', 'Jae Crowder', 'Jaren Jackson Jr.', 'Jonas Valanciunas')",9.51222921203786,1749,2020
"('Buddy Hield', 'Cory Joseph', 'Harrison Barnes', 'Nemanja Bjelica', 'Richaun Holmes')",10.134872630287855,1052,2020
"('Bojan Bogdanovic', 'Donovan Mitchell', 'Joe Ingles', 'Mike Conley', 'Rudy Gobert')",5.795884057884882,964,2020
"('Brandon Ingram', 'Derrick Favors', 'Jrue Holiday', 'Lonzo Ball', 'Zion Williamson')",13.101465112447904,1245,2020
"('Chris Paul', 'Danilo Gallinari', 'Shai Gilgeous-Alexander', 'Steven Adams', 'Terrance Ferguson')",5.310286049558015,1378,2020
"('Chris Paul', 'Danilo Gallinari', 'Dennis Schroder', 'Shai Gilgeous-Alexander', 'Steven Adams')",21.57708513432604,938,2020
"('Bismack Biyombo', ""Devonte' Graham"", 'Miles Bridges', 'P.J. Washington', 'Terry Rozier')",5.274291359964937,1007,2020
"('Clint Capela', 'Danuel House Jr.', 'James Harden', 'P.J. Tucker', 'Russell Westbrook')",10.877998414241166,1540,2020
"('Chris Paul', 'Danilo Gallinari', 'Luguentz Dort', 'Shai Gilgeous-Alexander', 'Steven Adams')",7.588650528270602,1161,2020
"('CJ McCollum', 'Carmelo Anthony', 'Damian Lillard', 'Hassan Whiteside', 'Trevor Ariza')",6.498755080199284,965,2020
"('Dorian Finney-Smith', 'Dwight Powell', 'Kristaps Porzingis', 'Luka Doncic', 'Tim Hardaway Jr.')",12.824019222063765,858,2020
"('Deandre Ayton', 'Devin Booker', 'Kelly Oubre Jr.', 'Mikal Bridges', 'Ricky Rubio')",17.914690785071162,950,2020
"('Frank Ntilikina', 'Julius Randle', 'Marcus Morris Sr.', 'RJ Barrett', 'Taj Gibson')",6.240957428108886,955,2020
"('CJ McCollum', 'Carmelo Anthony', 'Damian Lillard', 'Hassan Whiteside', 'Kent Bazemore')",8.009478758157092,1284,2020
"('Ivica Zubac', 'Kawhi Leonard', 'Maurice Harkless', 'Patrick Beverley', 'Paul George')",13.91634844707808,900,2020
"('Gary Harris', 'Jamal Murray', 'Jerami Grant', 'Nikola Jokic', 'Paul Millsap')",21.306156219279817,862,2020
"('Ivica Zubac', 'Kawhi Leonard', 'Marcus Morris Sr.', 'Patrick Beverley', 'Paul George')",24.52749317521457,894,2020
"('Brandon Ingram', 'Eric Bledsoe', 'Lonzo Ball', 'Steven Adams', 'Zion Williamson')",7.7627745366451215,2501,2021
"('Bismack Biyombo', ""Devonte' Graham"", 'Gordon Hayward', 'P.J. Washington', 'Terry Rozier')",0.9774169527798662,1046,2021
"('Domantas Sabonis', 'Doug McDermott', 'Justin Holiday', 'Malcolm Brogdon', 'Myles Turner')",11.861854049222131,980,2021
"('DeMar DeRozan', 'Dejounte Murray', 'Keldon Johnson', 'LaMarcus Aldridge', 'Lonnie Walker IV')",-7.775391752994452,907,2021
"('DeMar DeRozan', 'Dejounte Murray', 'Jakob Poeltl', 'Keldon Johnson', 'Lonnie Walker IV')",6.647440998382978,814,2021
"('Ben Simmons', 'Danny Green', 'Joel Embiid', 'Seth Curry', 'Tobias Harris')",14.5156137976434,3137,2021
"('Cameron Payne', 'Deandre Ayton', 'Devin Booker', 'Jae Crowder', 'Mikal Bridges')",11.351022515038126,917,2021
"('Chris Paul', 'Deandre Ayton', 'Devin Booker', 'Jae Crowder', 'Mikal Bridges')",12.814602401964224,4387,2021
"('CJ McCollum', 'Damian Lillard', 'Jusuf Nurkic', 'Norman Powell', 'Robert Covington')",13.470392260255656,2037,2021
"('CJ McCollum', 'Damian Lillard', 'Derrick Jones Jr.', 'Jusuf Nurkic', 'Robert Covington')",7.175067212923879,863,2021
"('Cameron Johnson', 'Chris Paul', 'Deandre Ayton', 'Devin Booker', 'Mikal Bridges')",9.984237733383138,870,2021
"('Desmond Bane', 'Dillon Brooks', 'Ja Morant', 'Jonas Valanciunas', 'Kyle Anderson')",17.82739213684904,1042,2021
"('Dillon Brooks', 'Grayson Allen', 'Ja Morant', 'Jonas Valanciunas', 'Kyle Anderson')",12.833314780530628,1984,2021
"('Bogdan Bogdanovic', 'Clint Capela', 'John Collins', 'Kevin Huerter', 'Trae Young')",16.18791838922553,1104,2021
"('Brook Lopez', 'Donte DiVincenzo', 'Giannis Antetokounmpo', 'Jrue Holiday', 'Khris Middleton')",10.798946162745429,2362,2021
"('Bam Adebayo', 'Duncan Robinson', 'Jimmy Butler', 'Kendrick Nunn', 'Trevor Ariza')",8.909978336352085,944,2021
"('Andrew Wiggins', 'Draymond Green', 'James Wiseman', 'Kelly Oubre Jr.', 'Stephen Curry')",2.1296328905810102,1075,2021
"('Andrew Wiggins', 'Draymond Green', 'Kent Bazemore', 'Kevon Looney', 'Stephen Curry')",14.024885429244188,1206,2021
"('Buddy Hield', ""De'Aaron Fox"", 'Harrison Barnes', 'Marvin Bagley III', 'Richaun Holmes')",7.906053285328864,1762,2021
"('Buddy Hield', ""De'Aaron Fox"", 'Harrison Barnes', 'Richaun Holmes', 'Tyrese Haliburton')",8.770212710270119,1705,2021
"('Cam Reddish', 'Clint Capela', 'John Collins', 'Kevin Huerter', 'Trae Young')",4.202847027359844,821,2021
"('DeMar DeRozan', 'Dejounte Murray', 'Derrick White', 'Jakob Poeltl', 'Keldon Johnson')",11.596973970693158,1371,2021
"('Bojan Bogdanovic', 'Donovan Mitchell', 'Mike Conley', ""Royce O'Neale"", 'Rudy Gobert')",13.170072044261635,2651,2021
"('Bojan Bogdanovic', 'Derrick Favors', 'Donovan Mitchell', 'Joe Ingles', ""Royce O'Neale"")",3.8891188030367743,822,2021
"('Georges Niang', 'Joe Ingles', 'Jordan Clarkson', 'Mike Conley', 'Rudy Gobert')",13.108641495015602,1446,2021
"('Bojan Bogdanovic', 'Derrick Favors', 'Donovan Mitchell', 'Jordan Clarkson', ""Royce O'Neale"")",9.005582635693445,1339,2021
"('Bojan Bogdanovic', 'Donovan Mitchell', 'Joe Ingles', ""Royce O'Neale"", 'Rudy Gobert')",18.3604414862459,1333,2021
"('Dorian Finney-Smith', 'Josh Richardson', 'Kristaps Porzingis', 'Luka Doncic', 'Maxi Kleber')",11.598803913717717,1177,2021
"('Anthony Davis', 'Dennis Schroder', 'Kentavious Caldwell-Pope', 'LeBron James', 'Marc Gasol')",10.582048172015558,1190,2021
"('Elfrid Payton', 'Julius Randle', 'Mitchell Robinson', 'RJ Barrett', 'Reggie Bullock')",6.628051287358204,1555,2021
"('Elfrid Payton', 'Julius Randle', 'Nerlens Noel', 'RJ Barrett', 'Reggie Bullock')",2.2868642901407323,2264,2021
"('Jamal Murray', 'Michael Porter Jr.', 'Nikola Jokic', 'Paul Millsap', 'Will Barton')",7.813347499225951,861,2021
"('Damian Lillard', 'Derrick Jones Jr.', 'Enes Freedom', 'Gary Trent Jr.', 'Robert Covington')",13.110672601528158,1156,2021
"('Al Horford', 'Darius Bazley', 'George Hill', 'Luguentz Dort', 'Shai Gilgeous-Alexander')",10.969637510974112,802,2021
"('Ivica Zubac', 'Kawhi Leonard', 'Marcus Morris Sr.', 'Paul George', 'Reggie Jackson')",13.84113546525545,941,2021
"('Gary Harris', 'Jamal Murray', 'Nikola Jokic', 'Paul Millsap', 'Will Barton')",9.05307954718398,973,2021
"('Aaron Gordon', 'Austin Rivers', 'Facundo Campazzo', 'Michael Porter Jr.', 'Nikola Jokic')",5.137218073505646,908,2021
"('Kawhi Leonard', 'Nicolas Batum', 'Patrick Beverley', 'Paul George', 'Serge Ibaka')",16.94707302779462,1070,2021
"('Brook Lopez', 'Giannis Antetokounmpo', 'Jrue Holiday', 'Khris Middleton', 'P.J. Tucker')",18.07913125666205,1057,2021
"('Brandon Ingram', 'CJ McCollum', 'Herbert Jones', 'Jaxson Hayes', 'Jonas Valanciunas')",15.489394138401952,975,2022
"('Bojan Bogdanovic', 'Donovan Mitchell', 'Mike Conley', ""Royce O'Neale"", 'Rudy Gobert')",10.08775264910022,3039,2022
"('Bojan Bogdanovic', 'Donovan Mitchell', 'Hassan Whiteside', 'Jordan Clarkson', ""Royce O'Neale"")",6.486550218570347,976,2022
"('Fred VanVleet', 'Gary Trent Jr.', 'O.G. Anunoby', 'Pascal Siakam', 'Scottie Barnes')",2.550767658602172,1367,2022
"('Bam Adebayo', 'Duncan Robinson', 'Jimmy Butler', 'Kyle Lowry', 'P.J. Tucker')",11.594730180993928,1650,2022
"('Clint Capela', ""De'Andre Hunter"", 'John Collins', 'Kevin Huerter', 'Trae Young')",4.720682538583394,882,2022
"('Clint Capela', 'Danilo Gallinari', ""De'Andre Hunter"", 'Kevin Huerter', 'Trae Young')",11.26508608042897,1072,2022
"('Amir Coffey', 'Ivica Zubac', 'Marcus Morris Sr.', 'Nicolas Batum', 'Reggie Jackson')",-0.2447667170056172,896,2022
"('Bogdan Bogdanovic', 'Clint Capela', ""De'Andre Hunter"", 'John Collins', 'Trae Young')",9.856848305261831,987,2022
"('Ayo Dosunmu', 'DeMar DeRozan', 'Javonte Green', 'Nikola Vucevic', 'Zach LaVine')",6.930879699321045,1007,2022
"('Chris Paul', 'Deandre Ayton', 'Devin Booker', 'Jae Crowder', 'Mikal Bridges')",12.173830531414303,3793,2022
"('Al Horford', 'Jaylen Brown', 'Jayson Tatum', 'Marcus Smart', 'Robert Williams III')",18.64973308154441,2376,2022
"('Anthony Edwards', ""D'Angelo Russell"", 'Jarred Vanderbilt', 'Karl-Anthony Towns', 'Patrick Beverley')",12.865064513232443,2201,2022
"('Alec Burks', 'Evan Fournier', 'Julius Randle', 'Mitchell Robinson', 'RJ Barrett')",8.937772970452302,1723,2022
"('Aaron Gordon', 'Jeff Green', 'Monte Morris', 'Nikola Jokic', 'Will Barton')",12.794158948321034,3470,2022
"('Gordon Hayward', 'LaMelo Ball', 'Mason Plumlee', 'Miles Bridges', 'Terry Rozier')",5.010441586493908,1582,2022
"('Bradley Beal', 'Daniel Gafford', 'Kentavious Caldwell-Pope', 'Kyle Kuzma', 'Spencer Dinwiddie')",1.4990292102233085,1289,2022
"('Al Horford', 'Grant Williams', 'Jaylen Brown', 'Jayson Tatum', 'Marcus Smart')",14.540219118805195,911,2022
"('Andre Drummond', 'Bruce Brown', 'Kevin Durant', 'Kyrie Irving', 'Seth Curry')",11.432493892156604,819,2022
"('Desmond Bane', 'Ja Morant', 'Jaren Jackson Jr.', 'Steven Adams', 'Ziaire Williams')",6.625753183385351,832,2022
"('Cade Cunningham', 'Cory Joseph', 'Isaiah Stewart', 'Jerami Grant', 'Saddiq Bey')",11.828336485951995,1103,2022
"('LaMelo Ball', 'Mason Plumlee', 'Miles Bridges', 'P.J. Washington', 'Terry Rozier')",13.322989842787656,1403,2022
"('Brandon Ingram', ""Devonte' Graham"", 'Herbert Jones', 'Jonas Valanciunas', 'Josh Hart')",10.996654770072285,1364,2022
"('Bobby Portis', 'Giannis Antetokounmpo', 'Grayson Allen', 'Jrue Holiday', 'Khris Middleton')",9.573476045460126,1433,2022
"('Danny Green', 'Joel Embiid', 'Seth Curry', 'Tobias Harris', 'Tyrese Maxey')",9.739791571434148,1001,2022
"('Joel Embiid', 'Matisse Thybulle', 'Seth Curry', 'Tobias Harris', 'Tyrese Maxey')",0.4884448882326137,975,2022
"('Darius Bazley', 'Jeremiah Robinson-Earl', 'Josh Giddey', 'Luguentz Dort', 'Shai Gilgeous-Alexander')",-1.3361078625823233,1074,2022
"('James Harden', 'Joel Embiid', 'Matisse Thybulle', 'Tobias Harris', 'Tyrese Maxey')",16.360972714515814,1411,2022
"('Dorian Finney-Smith', 'Dwight Powell', 'Jalen Brunson', 'Luka Doncic', 'Reggie Bullock')",14.351725621159542,1949,2022
"('Dorian Finney-Smith', 'Jalen Brunson', 'Luka Doncic', 'Maxi Kleber', 'Reggie Bullock')",16.123916525867205,852,2022
"('Danny Green', 'James Harden', 'Joel Embiid', 'Tobias Harris', 'Tyrese Maxey')",14.30644599352162,999,2022
"('Darius Garland', 'Evan Mobley', 'Isaac Okoro', 'Jarrett Allen', 'Lauri Markkanen')",14.7169614813106,903,2022
"('Dejounte Murray', 'Derrick White', 'Doug McDermott', 'Jakob Poeltl', 'Keldon Johnson')",11.403977689487755,1310,2022
"('Joe Ingles', 'Jordan Clarkson', 'Mike Conley', 'Rudy Gay', 'Rudy Gobert')",5.022142665646337,916,2022
"('Andrew Wiggins', 'Draymond Green', 'Jordan Poole', 'Kevon Looney', 'Stephen Curry')",7.250336619930775,1515,2022
"('Cade Cunningham', 'Isaiah Stewart', 'Jerami Grant', 'Killian Hayes', 'Saddiq Bey')",-4.690557183096961,1029,2022
"('CJ McCollum', 'Damian Lillard', 'Jusuf Nurkic', 'Norman Powell', 'Robert Covington')",4.698019408154425,1149,2022
"('Cole Anthony', 'Franz Wagner', 'Jalen Suggs', 'Mo Bamba', 'Wendell Carter Jr.')",5.211655567432241,1727,2022
"('Evan Fournier', 'Julius Randle', 'Kemba Walker', 'Mitchell Robinson', 'RJ Barrett')",-3.2724924645128306,1690,2022
"('Christian Wood', 'Eric Gordon', ""Jae'Sean Tate"", 'Jalen Green', 'Kevin Porter Jr.')",4.284583290461375,1461,2022
"('Desmond Bane', 'Dillon Brooks', 'Jaren Jackson Jr.', 'Steven Adams', 'Tyus Jones')",12.119273995143075,965,2022
